"xs" "ys" "goodcor" "goodcex" "goodpch"
31.019594818997 948.121224028685 4 2 21
42.9757555629359 930.880691586031 4 2 21
42.9757555629359 909.661574733533 4 2 21
39.9867153769512 897.725821504003 4 2 21
42.9757555629359 883.137678667911 4 2 21
45.9647957489206 871.201925438381 4 2 21
42.9757555629359 860.592367012132 4 2 21
36.0013284623049 852.635198192446 4 2 21
34.0086350049817 885.790068274473 4 2 21
39.9867153769512 892.421042290879 4 2 21
41.9794088342743 905.68299032369 4 2 21
36.0013284623049 930.880691586031 4 2 21
102.75655928263 777.042094405423 4 2 21
93.7894387246762 775.715899602142 4 2 21
92.7930919960146 791.630237241515 4 2 21
97.7748256393225 803.565990471045 4 2 21
97.7748256393225 820.806522913699 4 2 21
91.796745267353 826.111302126823 4 2 21
91.796745267353 836.720860553072 4 2 21
95.7821321819993 852.635198192446 4 2 21
97.7748256393225 859.266172208851 4 2 21
101.760212553969 860.592367012132 4 2 21
107.738292925938 856.613782602289 4 2 21
109.730986383261 843.351834569478 4 2 21
114.712720026569 828.763691733386 4 2 21
119.694453669877 818.154133307137 4 2 21
121.6871471272 812.849354094012 4 2 21
123.679840584523 807.544574880888 4 2 21
126.668880770508 796.935016454639 4 2 21
133.643307871139 786.32545802839 4 2 21
137.628694785785 786.32545802839 4 2 21
140.61773497177 778.368289208704 4 2 21
145.599468615078 778.368289208704 4 2 21
141.614081700432 773.063509995579 4 2 21
141.614081700432 773.063509995579 4 2 21
141.614081700432 786.32545802839 4 2 21
141.614081700432 798.26121125792 4 2 21
144.603121886416 808.870769684169 4 2 21
139.621388243109 816.827938503856 4 2 21
141.614081700432 820.806522913699 4 2 21
144.603121886416 832.742276143229 4 2 21
140.61773497177 834.06847094651 4 2 21
144.603121886416 842.025639766197 4 2 21
142.610428429093 848.656613782602 4 2 21
137.628694785785 848.656613782602 4 2 21
139.621388243109 856.613782602289 4 2 21
141.614081700432 859.266172208851 4 2 21
141.614081700432 864.570951421976 4 2 21
143.606775157755 864.570951421976 4 2 21
181.467950846895 698.796601011838 4 2 21
187.446031218864 705.427575028243 4 2 21
181.467950846895 716.037133454492 4 2 21
187.446031218864 726.646691880741 4 2 21
187.446031218864 731.951471093865 4 2 21
183.460644304218 743.887224323395 4 2 21
197.40949850548 738.582445110271 4 2 21
206.376619063434 738.582445110271 4 2 21
216.34008635005 741.234834716833 4 2 21
219.329126536035 741.234834716833 4 2 21
201.394885420126 745.213419126676 4 2 21
187.446031218864 743.887224323395 4 2 21
182.464297575556 746.539613929957 4 2 21
182.464297575556 755.822977552925 4 2 21
183.460644304218 769.084925585736 4 2 21
179.475257389572 775.715899602142 4 2 21
179.475257389572 779.694484011985 4 2 21
182.464297575556 788.977847634953 4 2 21
194.420458319495 783.673068421828 4 2 21
203.387578877449 779.694484011985 4 2 21
211.358352706742 779.694484011985 4 2 21
219.329126536035 778.368289208704 4 2 21
222.318166722019 781.020678815266 4 2 21
280.106276984391 698.796601011838 4 2 21
276.120890069744 701.4489906184 4 2 21
269.146462969113 700.122795815119 4 2 21
266.157422783129 692.165626995432 4 2 21
259.182995682498 690.839432192151 4 2 21
260.179342411159 682.882263372464 4 2 21
256.193955496513 678.903678962621 4 2 21
252.208568581867 674.925094552778 4 2 21
253.204915310528 665.64173092981 4 2 21
251.212221853205 664.315536126529 4 2 21
250.215875124543 659.010756913404 4 2 21
255.197608767851 656.358367306842 4 2 21
252.208568581867 653.70597770028 4 2 21
250.215875124543 644.422614077312 4 2 21
255.197608767851 637.791640060907 4 2 21
256.193955496513 632.486860847782 4 2 21
261.175689139821 619.224912814971 4 2 21
267.15376951179 619.224912814971 4 2 21
275.124543341083 616.572523208409 4 2 21
285.088010627698 616.572523208409 4 2 21
292.062437728329 619.224912814971 4 2 21
299.03686482896 625.855886831377 4 2 21
303.022251743607 631.160666044501 4 2 21
305.01494520093 639.117834864188 4 2 21
301.029558286284 639.117834864188 4 2 21
307.007638658253 648.401198487156 4 2 21
311.989372301561 656.358367306842 4 2 21
306.011291929591 657.684562110123 4 2 21
307.007638658253 666.967925733091 4 2 21
309.996678844238 678.903678962621 4 2 21
303.022251743607 678.903678962621 4 2 21
300.033211557622 688.187042585589 4 2 21
290.069744271006 696.144211405275 4 2 21
281.102623713052 701.4489906184 4 2 21
273.13184988376 693.491821798713 4 2 21
271.139156426436 701.4489906184 4 2 21
262.172035868482 693.491821798713 4 2 21
261.175689139821 678.903678962621 4 2 21
339.887080704085 539.653224618105 4 2 21
335.901693789439 537.000835011543 4 2 21
333.909000332116 556.893757060759 4 2 21
341.879774161408 559.546146667322 4 2 21
336.8980405181 571.481899896852 4 2 21
336.8980405181 583.417653126382 4 2 21
336.8980405181 595.353406355911 4 2 21
338.890733975423 608.615354388722 4 2 21
336.8980405181 613.920133601847 4 2 21
333.909000332116 619.224912814971 4 2 21
341.879774161408 623.203497224815 4 2 21
345.865161076054 617.89871801169 4 2 21
353.835934905347 617.89871801169 4 2 21
356.824975091332 617.89871801169 4 2 21
363.799402191963 621.877302421533 4 2 21
366.788442377948 619.224912814971 4 2 21
375.755562935902 616.572523208409 4 2 21
381.733643307871 607.289159585441 4 2 21
381.733643307871 603.310575175598 4 2 21
381.733643307871 586.070042732944 4 2 21
380.73729657921 579.439068716538 4 2 21
366.788442377948 578.112873913257 4 2 21
363.799402191963 578.112873913257 4 2 21
351.843241448024 578.112873913257 4 2 21
344.868814347393 580.765263519819 4 2 21
341.879774161408 578.112873913257 4 2 21
356.824975091332 572.808094700133 4 2 21
365.792095649286 574.134289503414 4 2 21
369.777482563932 558.219951864041 4 2 21
375.755562935902 559.546146667322 4 2 21
376.751909664563 555.567562257478 4 2 21
384.722683493856 539.653224618105 4 2 21
391.697110594487 539.653224618105 4 2 21
390.700763865825 533.0222506017 4 2 21
381.733643307871 533.0222506017 4 2 21
379.740949850548 546.284198634511 4 2 21
373.762869478579 563.524731077165 4 2 21
366.788442377948 571.481899896852 4 2 21
366.788442377948 572.808094700133 4 2 21
409.631351710395 458.755341617958 4 2 21
414.613085353703 460.081536421239 4 2 21
413.616738625042 474.669679257331 4 2 21
409.631351710395 477.322068863893 4 2 21
415.609432082365 493.236406503266 4 2 21
415.609432082365 498.541185716391 4 2 21
412.62039189638 506.498354536077 4 2 21
409.631351710395 511.803133749202 4 2 21
409.631351710395 523.738886978732 4 2 21
412.62039189638 537.000835011543 4 2 21
409.631351710395 542.305614224667 4 2 21
418.598472268349 542.305614224667 4 2 21
421.587512454334 539.653224618105 4 2 21
421.587512454334 527.717471388575 4 2 21
423.580205911657 523.738886978732 4 2 21
425.57289936898 514.455523355764 4 2 21
426.569246097642 511.803133749202 4 2 21
430.554633012288 499.867380519672 4 2 21
430.554633012288 491.910211699985 4 2 21
429.558286283627 487.931627290142 4 2 21
438.525406841581 474.669679257331 4 2 21
435.536366655596 466.712510437644 4 2 21
442.510793756227 454.776757208114 4 2 21
441.514447027566 454.776757208114 4 2 21
441.514447027566 470.691094847488 4 2 21
443.507140484889 475.995874060612 4 2 21
446.496180670873 481.300653273736 4 2 21
446.496180670873 485.27923768358 4 2 21
449.485220856858 490.584016896704 4 2 21
451.477914314181 502.519770126234 4 2 21
451.477914314181 510.476938945921 4 2 21
456.459647957489 523.738886978732 4 2 21
460.445034872135 529.043666191856 4 2 21
460.445034872135 538.327029814824 4 2 21
462.437728329459 539.653224618105 4 2 21
468.415808701428 539.653224618105 4 2 21
471.404848887413 538.327029814824 4 2 21
464.430421786782 533.0222506017 4 2 21
470.408502158751 526.391276585294 4 2 21
468.415808701428 518.434107765607 4 2 21
468.415808701428 502.519770126234 4 2 21
471.404848887413 494.562601306548 4 2 21
468.415808701428 493.236406503266 4 2 21
465.426768515443 485.27923768358 4 2 21
469.41215543009 475.995874060612 4 2 21
466.423115244105 473.34348445405 4 2 21
465.426768515443 464.060120831082 4 2 21
471.404848887413 458.755341617958 4 2 21
466.423115244105 454.776757208114 4 2 21
465.426768515443 453.450562404833 4 2 21
464.430421786782 465.386315634363 4 2 21
465.426768515443 465.386315634363 4 2 21
496.313517103952 377.85745861781 4 2 21
492.328130189306 373.878874207967 4 2 21
502.291597475922 384.488432634216 4 2 21
496.313517103952 384.488432634216 4 2 21
496.313517103952 387.140822240778 4 2 21
496.313517103952 396.424185863746 4 2 21
496.313517103952 396.424185863746 4 2 21
501.29525074726 399.076575470308 4 2 21
504.284290933245 400.402770273589 4 2 21
504.284290933245 408.359939093276 4 2 21
501.29525074726 411.012328699838 4 2 21
509.266024576553 421.621887126087 4 2 21
509.266024576553 425.60047153593 4 2 21
506.276984390568 432.231445552336 4 2 21
510.262371305214 438.862419568741 4 2 21
519.229491863168 453.450562404833 4 2 21
520.22583859183 461.40773122452 4 2 21
525.207572235138 461.40773122452 4 2 21
524.211225506476 450.798172798271 4 2 21
530.189305878446 438.862419568741 4 2 21
530.189305878446 434.883835158898 4 2 21
529.192959149784 428.252861142492 4 2 21
536.167386250415 417.643302716243 4 2 21
534.174692793092 408.359939093276 4 2 21
541.149119893723 401.72896507687 4 2 21
540.152773165061 396.424185863746 4 2 21
540.152773165061 391.119406650621 4 2 21
545.134506808369 375.205069011248 4 2 21
552.108933909 373.878874207967 4 2 21
545.134506808369 372.552679404686 4 2 21
543.141813351046 385.814627437497 4 2 21
539.1564264364 397.750380667027 4 2 21
536.167386250415 404.381354683432 4 2 21
529.192959149784 404.381354683432 4 2 21
524.211225506476 404.381354683432 4 2 21
516.240451677184 405.707549486714 4 2 21
506.276984390568 404.381354683432 4 2 21
505.280637661906 401.72896507687 4 2 21
501.29525074726 401.72896507687 4 2 21
516.240451677184 405.707549486714 4 2 21
528.196612421122 405.707549486714 4 2 21
534.174692793092 405.707549486714 4 2 21
533.17834606443 405.707549486714 4 2 21
601.926270342079 292.98099120782 4 2 21
599.933576884756 291.654796404539 4 2 21
598.937230156094 307.569134043912 4 2 21
599.933576884756 311.547718453755 4 2 21
604.915310528064 316.85249766688 4 2 21
603.918963799402 320.831082076723 4 2 21
597.940883427433 328.78825089641 4 2 21
601.926270342079 332.766835306253 4 2 21
599.933576884756 340.724004125939 4 2 21
594.951843241448 348.681172945626 4 2 21
600.929923613417 351.333562552188 4 2 21
600.929923613417 357.964536568594 4 2 21
600.929923613417 368.574094994843 4 2 21
600.929923613417 373.878874207967 4 2 21
595.94818997011 383.162237830935 4 2 21
588.973762869479 383.162237830935 4 2 21
579.010295582863 383.162237830935 4 2 21
572.035868482232 383.162237830935 4 2 21
570.043175024909 381.836043027654 4 2 21
580.006642311525 380.509848224373 4 2 21
590.966456326802 380.509848224373 4 2 21
594.951843241448 380.509848224373 4 2 21
604.915310528064 380.509848224373 4 2 21
614.878777814679 380.509848224373 4 2 21
620.856858186649 380.509848224373 4 2 21
624.842245101295 380.509848224373 4 2 21
630.820325473265 383.162237830935 4 2 21
630.820325473265 380.509848224373 4 2 21
618.864164729326 377.85745861781 4 2 21
603.918963799402 377.85745861781 4 2 21
683.626702092328 222.692666633921 4 2 21
680.637661906343 220.040277027359 4 2 21
679.641315177682 218.714082224078 4 2 21
679.641315177682 229.323640650327 4 2 21
683.626702092328 239.933199076576 4 2 21
681.634008635005 241.259393879857 4 2 21
678.64496844902 242.585588683138 4 2 21
680.637661906343 253.195147109387 4 2 21
681.634008635005 267.783289945479 4 2 21
678.64496844902 274.414263961884 4 2 21
675.655928263035 281.04523797829 4 2 21
681.634008635005 286.350017191414 4 2 21
681.634008635005 291.654796404539 4 2 21
678.64496844902 298.285770420944 4 2 21
682.630355363666 302.264354830787 4 2 21
681.634008635005 302.264354830787 4 2 21
677.648621720359 302.264354830787 4 2 21
678.64496844902 302.264354830787 4 2 21
679.641315177682 335.419224912815 4 2 21
677.648621720359 338.071614519377 4 2 21
678.64496844902 334.093030109534 4 2 21
673.663234805712 334.093030109534 4 2 21
679.641315177682 342.05019892922 4 2 21
682.630355363666 342.05019892922 4 2 21
747.392892726669 216.061692617516 4 2 21
740.418465626038 214.735497814235 4 2 21
737.429425440053 208.104523797829 4 2 21
738.425772168715 198.821160174861 4 2 21
735.43673198273 186.885406945331 4 2 21
733.444038525407 178.928238125645 4 2 21
732.447691796745 174.949653715801 4 2 21
734.440385254068 163.013900486271 4 2 21
734.440385254068 159.035316076428 4 2 21
738.425772168715 152.404342060023 4 2 21
743.407505812023 149.75195245346 4 2 21
742.411159083361 141.794783633774 4 2 21
747.392892726669 140.468588830493 4 2 21
754.3673198273 136.490004420649 4 2 21
760.345400199269 132.511420010806 4 2 21
764.330787113916 132.511420010806 4 2 21
762.338093656592 136.490004420649 4 2 21
767.3198272999 140.468588830493 4 2 21
773.29790767187 141.794783633774 4 2 21
775.290601129193 144.447173240336 4 2 21
782.265028229824 152.404342060023 4 2 21
785.254068415809 159.035316076428 4 2 21
787.246761873132 176.275848519083 4 2 21
787.246761873132 178.928238125645 4 2 21
792.22849551644 188.211601748612 4 2 21
792.22849551644 193.516380961737 4 2 21
789.239455330455 196.168770568299 4 2 21
784.257721687147 205.452134191267 4 2 21
780.272334772501 208.104523797829 4 2 21
773.29790767187 210.756913404391 4 2 21
772.301560943208 218.714082224078 4 2 21
762.338093656592 216.061692617516 4 2 21
761.341746927931 216.061692617516 4 2 21
760.345400199269 220.040277027359 4 2 21
758.352706741946 224.018861437202 4 2 21
755.363666555961 218.714082224078 4 2 21
755.363666555961 218.714082224078 4 2 21
751.378279641315 218.714082224078 4 2 21
748.38923945533 210.756913404391 4 2 21
744.403852540684 210.756913404391 4 2 21
739.422118897376 210.756913404391 4 2 21
738.425772168715 200.147354978142 4 2 21
734.440385254068 197.49496537158 4 2 21
733.444038525407 188.211601748612 4 2 21
728.462304882099 185.55921214205 4 2 21
729.458651610761 172.297264109239 4 2 21
732.447691796745 163.013900486271 4 2 21
731.451345068084 160.361510879709 4 2 21
733.444038525407 157.709121273147 4 2 21
818.133510461641 55.592121420502 4 2 21
811.159083361009 55.592121420502 4 2 21
815.144470275656 67.5278746500319 4 2 21
817.137163732979 72.8326538631564 4 2 21
813.151776818333 83.4422122894052 4 2 21
819.129857190302 91.3993811090918 4 2 21
814.148123546994 105.987523945184 4 2 21
818.133510461641 113.944692764871 4 2 21
817.137163732979 128.532835600963 4 2 21
818.133510461641 136.490004420649 4 2 21
820.126203918964 141.794783633774 4 2 21
821.122550647625 141.794783633774 4 2 21
824.11159083361 128.532835600963 4 2 21
831.086017934241 117.923277174714 4 2 21
830.089671205579 115.270887568152 4 2 21
833.078711391564 112.618497961589 4 2 21
837.06409830621 109.966108355027 4 2 21
840.053138492195 108.639913551746 4 2 21
837.06409830621 102.008939535341 4 2 21
840.053138492195 94.051770715654 4 2 21
843.04217867818 90.0731863058107 4 2 21
850.016605778811 83.4422122894052 4 2 21
848.023912321488 82.1160174861241 4 2 21
854.998339422119 67.5278746500319 4 2 21
857.987379608104 59.5707058303453 4 2 21
861.97276652275 59.5707058303453 4 2 21
862.969113251411 59.5707058303453 4 2 21
861.97276652275 64.8754850434697 4 2 21
860.976419794088 72.8326538631564 4 2 21
861.97276652275 87.4207966992485 4 2 21
860.976419794088 95.3779655189351 4 2 21
861.97276652275 100.68274473206 4 2 21
863.965459980073 105.987523945184 4 2 21
863.965459980073 115.270887568152 4 2 21
859.980073065427 116.597082371433 4 2 21
860.976419794088 121.901861584557 4 2 21
860.976419794088 131.185225207525 4 2 21
859.980073065427 143.120978437055 4 2 21
864.961806708734 144.447173240336 4 2 21
864.961806708734 144.447173240336 4 2 21
862.969113251411 144.447173240336 4 2 21
861.97276652275 144.447173240336 4 2 21
857.987379608104 144.447173240336 4 2 21
629.682351730298 330.654632249985 1 0.5 21
551.89216445433 387.145020695207 1 0.5 21
213.524532527663 696.885458407176 1 0.5 21
67.2064819023944 837.113325706526 1 0.5 21
686.466738150921 199.121552515769 1 0.5 21
103.356027347036 835.557628775725 1 0.5 21
123.337354348041 840.873233393806 1 0.5 21
260.683893167879 662.066419953111 1 0.5 21
583.976299455389 367.562036271963 1 0.5 21
-31.3307202071883 979.131304270541 1 0.5 21
523.243347089738 407.486238808594 1 0.5 21
736.180777044501 182.893125803579 1 0.5 21
508.013594988734 435.258084141472 1 0.5 21
91.2988549680449 896.768783166054 1 0.5 21
194.382887508254 780.383745881713 1 0.5 21
896.765662299003 50.2651387273911 1 0.5 21
945.16926065553 -38.7898379436041 1 0.5 21
531.163490901235 387.495551248059 1 0.5 21
846.013059886172 129.835097520991 1 0.5 21
557.554457371589 321.319695867266 1 0.5 21
167.36661279574 682.86895776474 1 0.5 21
865.161102742422 96.6471002391178 1 0.5 21
918.723906460218 13.5406380778074 1 0.5 21
295.003237761557 633.145631241122 1 0.5 21
373.870603181422 570.906321827687 1 0.5 21
-25.8916587452404 1038.65923978366 1 0.5 21
914.739502361044 -4.74320569485475 1 0.5 21
26.6315341345035 950.564269301962 1 0.5 21
373.563472297974 602.749813687286 1 0.5 21
292.723729810677 647.081978178595 1 0.5 21
589.698152395431 291.910652466122 1 0.5 21
822.566727770027 152.13838373434 1 0.5 21
982.017791899852 -65.8519704674109 1 0.5 21
858.179939643014 107.424949762638 1 0.5 21
997.083259187639 -113.036817055151 1 0.5 21
450.13592899777 520.891055400709 1 0.5 21
95.3197802766226 853.285221772662 1 0.5 21
273.106755828485 665.802207204135 1 0.5 21
834.09757722402 156.982216782557 1 0.5 21
150.798117124941 702.353277289102 1 0.5 21
730.711425724439 227.349090494138 1 0.5 21
361.297215090599 583.010209116399 1 0.5 21
187.94383534696 753.617275774349 1 0.5 21
8.21101993788034 967.949405005326 1 0.5 21
489.528113289271 376.151222559386 1 0.5 21
230.425938183907 659.65117752027 1 0.5 21
397.445564332884 468.377612487921 1 0.5 21
778.514394816011 209.928228946074 1 0.5 21
243.245163094252 662.631557777766 1 0.5 21
180.369145877194 784.225092251581 1 0.5 21
752.098587527871 229.03336370543 1 0.5 21
530.564444349147 378.658769693365 1 0.5 21
5.05569946253672 936.347402439794 1 0.5 21
690.366363944486 210.903452197417 1 0.5 21
43.6016442952678 870.095955489929 1 0.5 21
243.923685594928 624.565690337702 1 0.5 21
909.970111306757 87.2470188534882 1 0.5 21
517.5996203674 401.093173061309 1 0.5 21
217.162691662088 687.444120293361 1 0.5 21
371.183760336135 577.50301976708 1 0.5 21
406.562091654632 568.639540608249 1 0.5 21
932.003435806837 45.8616411209946 1 0.5 21
258.895702415612 700.599063242537 1 0.5 21
857.853226782754 52.3883063339885 1 0.5 21
682.168550835922 266.498435919456 1 0.5 21
47.3305749706924 881.543605383986 1 0.5 21
626.609429868404 320.701174291374 1 0.5 21
279.640620411374 718.485553077129 1 0.5 21
105.643849552143 858.926676993909 1 0.5 21
811.178529541939 91.4673945927583 1 0.5 21
826.847933558747 86.1240085807628 1 0.5 21
460.964199888986 495.881887118032 1 0.5 21
564.213275106158 322.600766565955 1 0.5 21
528.65748925833 454.620775023231 1 0.5 21
305.420466826763 589.198255059065 1 0.5 21
620.101838221308 323.303451147891 1 0.5 21
547.881127800792 363.403115599319 1 0.5 21
953.685216652229 -24.8992154870209 1 0.5 21
123.559602291789 866.722330489275 1 0.5 21
25.2844770438969 926.56842883564 1 0.5 21
145.646977389697 807.595085976506 1 0.5 21
73.6141611938365 822.617950665259 1 0.5 21
160.07014537463 830.145891793756 1 0.5 21
494.994417263661 417.70660190478 1 0.5 21
628.435965836979 273.207533217417 1 0.5 21
858.662688091863 111.691143810742 1 0.5 21
845.057201548479 124.277123609474 1 0.5 21
270.72929374408 657.229890344077 1 0.5 21
792.397246288601 191.837656800917 1 0.5 21
670.323724544141 293.350740692337 1 0.5 21
616.333050758112 318.005193892671 1 0.5 21
289.921190019231 651.602578858769 1 0.5 21
508.180123812053 446.839994707503 1 0.5 21
555.784551426768 346.871312704207 1 0.5 21
736.766977317166 191.564375362635 1 0.5 21
574.699491530191 316.882815422843 1 0.5 21
144.539200374857 814.905805914917 1 0.5 21
480.54257807089 433.331693879379 1 0.5 21
980.060933681671 -54.8696491568057 1 0.5 21
224.176659749355 655.073543912496 1 0.5 21
835.904794512317 108.855261951275 1 0.5 21
449.304366915021 472.887067374964 1 0.5 21
921.370587660931 61.6460026413922 1 0.5 21
581.565512390807 386.771860381853 1 0.5 21
829.804465884808 72.6715364566817 1 0.5 21
747.450994222891 188.866576666607 1 0.5 21
0.545808288734406 960.9616627799 1 0.5 21
163.689665461425 806.975734524427 1 0.5 21
977.784473809879 -31.9821794113731 1 0.5 21
403.198866662569 550.138457087959 1 0.5 21
675.699907029048 309.567031414758 1 0.5 21
943.809208646417 38.1377418622245 1 0.5 21
659.351070830598 281.186873820921 1 0.5 21
984.04569568811 -75.4786627819917 1 0.5 21
60.160567658022 864.382169744393 1 0.5 21
995.99325847812 -4.76840183251356 1 0.5 21
962.971852114424 -65.7356793250835 1 0.5 21
185.366916237399 733.801472073659 1 0.5 21
701.279326842632 177.644242295798 1 0.5 21
668.990509468131 260.503763077714 1 0.5 21
119.772222964093 780.214017197057 1 0.5 21
378.329418983776 618.44522637156 1 0.5 21
-27.6664565782994 930.069065135457 1 0.5 21
988.52548598079 -56.0989948698089 1 0.5 21
71.1267504375428 871.734826204399 1 0.5 21
723.146551568061 210.762219617834 1 0.5 21
889.355275977869 26.0499199807861 1 0.5 21
590.666617185343 326.482150664822 1 0.5 21
-4.35716529609635 956.363497490611 1 0.5 21
167.008891329169 753.449565657086 1 0.5 21
321.591494989116 589.277276928819 1 0.5 21
728.529329912271 216.285621091478 1 0.5 21
733.936890156474 149.36619842444 1 0.5 21
328.112149762455 582.249729169168 1 0.5 21
84.6836029086262 852.722949589322 1 0.5 21
163.840600871481 766.340250899253 1 0.5 21
775.958865066059 185.337709671542 1 0.5 21
159.040952473879 809.885724351021 1 0.5 21
479.862699483056 485.822180749771 1 0.5 21
331.341844296549 618.93709881386 1 0.5 21
794.928914331831 137.88263602033 1 0.5 21
600.986039533745 331.59596494958 1 0.5 21
477.208020619582 478.796934484406 1 0.5 21
175.599917152431 746.010200859953 1 0.5 21
303.897670668084 617.386572121181 1 0.5 21
887.136719585396 68.8930953732886 1 0.5 21
170.716262736823 815.795302720411 1 0.5 21
55.9880740009248 900.527303882576 1 0.5 21
839.615404687356 142.597565972877 1 0.5 21
934.906561963726 6.9746413145099 1 0.5 21
734.985961334314 193.443541080065 1 0.5 21
155.414815992117 789.872750434159 1 0.5 21
491.748495888896 511.733643909843 1 0.5 21
41.8405762640759 840.771819488271 1 0.5 21
612.509901484009 306.382935197143 1 0.5 21
614.271786541212 348.680998177009 1 0.5 21
445.200941048097 525.097734981127 1 0.5 21
144.818783155642 797.030488169762 1 0.5 21
594.13616459351 389.048316696503 1 0.5 21
523.038864450064 397.549238051336 1 0.5 21
671.829755045474 294.770106457941 1 0.5 21
245.44525743695 724.008236595497 1 0.5 21
645.585162867792 306.727487323048 1 0.5 21
42.8096175193787 887.109179490647 1 0.5 21
681.263571069576 236.703693186821 1 0.5 21
990.948355104774 -86.1809546618787 1 0.5 21
880.793015484232 44.4153020571171 1 0.5 21
76.7949224216864 843.037685110085 1 0.5 21
65.6143184751272 927.751509180806 1 0.5 21
396.247515233699 529.140043553777 1 0.5 21
40.4774622409604 904.098749433927 1 0.5 21
826.018654846121 180.354474035269 1 0.5 21
155.197188572492 730.513382853526 1 0.5 21
978.126068424899 -84.2300467211087 1 0.5 21
308.332194492687 647.962980176863 1 0.5 21
556.166212586686 403.571876557799 1 0.5 21
189.094273000956 723.256270908621 1 0.5 21
73.0910188518465 852.89330531738 1 0.5 21
703.920789784752 311.594110018681 1 0.5 21
-19.2605499760248 954.166395326374 1 0.5 21
731.197194627021 217.676442681125 1 0.5 21
281.56570995925 633.667351002015 1 0.5 21
496.814030513633 460.843778816244 1 0.5 21
759.227027755696 155.711256431944 1 0.5 21
777.324634790421 113.82055723517 1 0.5 21
-33.8960234657861 1034.19366612511 1 0.5 21
672.116756334435 285.049044093563 1 0.5 21
50.7888773921877 893.171957147937 1 0.5 21
486.473112704698 524.311334544807 1 0.5 21
797.976666071918 166.496671613355 1 0.5 21
768.328418093733 91.5916021389912 1 0.5 21
388.024999678601 588.441392945197 1 0.5 21
635.900704923552 277.376638079688 1 0.5 21
757.397858332843 265.37577334665 1 0.5 21
149.400816601701 781.957011363732 1 0.5 21
256.008443969768 657.894821472594 1 0.5 21
245.524481334724 668.123986965067 1 0.5 21
618.00163887674 307.141556048139 1 0.5 21
391.721620422322 533.909661774047 1 0.5 21
449.948269710876 562.08911295445 1 0.5 21
718.599618703593 248.871555320659 1 0.5 21
499.105806567241 455.791256308995 1 0.5 21
276.80331961019 649.894185311067 1 0.5 21
654.26761272829 274.562239332612 1 0.5 21
88.4277703124098 933.082421178098 1 0.5 21
587.117131287232 351.572116443247 1 0.5 21
683.172127208672 276.021463366539 1 0.5 21
895.05325400969 102.259518756916 1 0.5 21
810.016569914296 111.492193166215 1 0.5 21
320.634190842975 587.77828441054 1 0.5 21
883.653485402465 75.9681145180828 1 0.5 21
444.177835260052 504.697223209936 1 0.5 21
646.509314631112 390.063100586083 1 0.5 21
379.386278311722 596.055205017708 1 0.5 21
652.309842139948 309.863294446438 1 0.5 21
586.410457082093 416.692412820792 1 0.5 21
287.488763011061 641.519116748064 1 0.5 21
289.548399287742 648.406697851202 1 0.5 21
-35.951154853683 906.761254752529 1 0.5 21
372.7052527247 526.909949543334 1 0.5 21
257.8254269436 683.58325138795 1 0.5 21
888.23013874935 34.9965211726758 1 0.5 21
691.562878736295 206.57248434489 1 0.5 21
885.854687693063 69.0569461195151 1 0.5 21
798.54679327691 201.915965210496 1 0.5 21
208.837740798481 748.41988063439 1 0.5 21
15.6096104765311 968.765969992765 1 0.5 21
422.275225387421 545.631446245813 1 0.5 21
367.360199615359 527.351919500922 1 0.5 21
564.526627806481 451.113123190461 1 0.5 21
469.272035988979 442.992889340045 1 0.5 21
368.720270204358 507.218179432085 1 0.5 21
596.086456289049 366.960965545051 1 0.5 21
651.537275593728 298.510266506562 1 0.5 21
790.043573302682 189.257273006874 1 0.5 21
766.225395828951 143.320842222842 1 0.5 21
2.74404415395111 896.419487263234 1 0.5 21
155.609778640792 808.509793909855 1 0.5 21
804.888811253477 128.310731500068 1 0.5 21
602.492994384374 296.077168404577 1 0.5 21
553.143226611428 361.506711003614 1 0.5 21
902.183943870477 23.5306546614345 1 0.5 21
788.883958896622 161.405496713608 1 0.5 21
612.762719695456 363.544347776626 1 0.5 21
601.538619992789 413.8383088847 1 0.5 21
-31.188377016224 952.635920808337 1 0.5 21
936.613670829684 -9.76107274774528 1 0.5 21
694.654923456255 295.90916778651 1 0.5 21
806.890301289968 121.543316606736 1 0.5 21
718.906077777501 175.50861889595 1 0.5 21
251.841631357092 770.614530488378 1 0.5 21
92.1289221034385 827.590508780994 1 0.5 21
868.108936259523 78.9722820829907 1 0.5 21
158.58166430844 772.523790606418 1 0.5 21
317.845151049551 593.463799267712 1 0.5 21
837.075348314829 62.3099770872606 1 0.5 21
996.363039023709 -110.809512357283 1 0.5 21
95.4897119081579 841.786850734604 1 0.5 21
-40.264033479616 959.457234909809 1 0.5 21
701.921645458788 196.864884139541 1 0.5 21
900.647591485176 94.4671990757917 1 0.5 21
2.4066498153843 951.596467761817 1 0.5 21
376.431432843674 609.974993388791 1 0.5 21
910.784409497865 46.7083316722981 1 0.5 21
944.520181161352 12.5718212031787 1 0.5 21
400.629802932963 517.748800785391 1 0.5 21
148.024527239613 768.857956214714 1 0.5 21
983.244249399286 -13.5419606990248 1 0.5 21
794.145545538049 251.038391326745 1 0.5 21
324.732966115698 562.097257759314 1 0.5 21
243.496308871545 692.883024088056 1 0.5 21
36.9026111322455 952.995709699836 1 0.5 21
56.3184419646859 865.237353317042 1 0.5 21
656.272468657698 279.53747969813 1 0.5 21
293.124471534975 727.095759285611 1 0.5 21
120.015276712365 821.207394835742 1 0.5 21
698.759735480417 260.030191978189 1 0.5 21
471.223972493317 472.388866644483 1 0.5 21
871.981196082197 67.9870790532427 1 0.5 21
683.616801316384 256.286825041662 1 0.5 21
835.402058262844 111.974226626303 1 0.5 21
998.869191505946 -47.3392365538531 1 0.5 21
180.681594763882 711.019520717363 1 0.5 21
3.95002221921459 948.515337760607 1 0.5 21
156.833146256395 720.476446288464 1 0.5 21
481.950552738272 539.344308808144 1 0.5 21
877.328493446112 -4.97107693380521 1 0.5 21
83.2116613630205 813.285164391053 1 0.5 21
500.254562497139 411.834382589877 1 0.5 21
855.984601262026 99.324034499354 1 0.5 21
123.412670847028 731.309732788119 1 0.5 21
910.621316486504 9.05209010694377 1 0.5 21
429.406154341996 555.711434964979 1 0.5 21
595.887173817027 342.008708437099 1 0.5 21
-16.9076382764615 936.280155998892 1 0.5 21
885.475261253305 74.7300348844992 1 0.5 21
619.87863072427 339.046009275809 1 0.5 21
345.061605691444 644.371450958067 1 0.5 21
442.750232410617 520.642472200289 1 0.5 21
189.773132628761 732.894133086344 1 0.5 21
146.851425548084 802.245548934139 1 0.5 21
525.145712215453 437.293860537451 1 0.5 21
836.333342012949 103.309745480389 1 0.5 21
413.01572707016 551.835309466619 1 0.5 21
778.971110889688 133.831725953954 1 0.5 21
917.012459924445 2.87556062394144 1 0.5 21
201.480287592858 740.879864065633 1 0.5 21
941.62169728661 -14.0995628491868 1 0.5 21
254.745908000041 735.234363815513 1 0.5 21
318.404507054947 588.714663739445 1 0.5 21
962.312172551174 17.6072414931211 1 0.5 21
156.909603462555 823.761897252793 1 0.5 21
924.302512640134 46.595820997667 1 0.5 21
694.415184261743 274.479249339279 1 0.5 21
65.8761366852559 873.158882492071 1 0.5 21
238.789506361354 651.635300628626 1 0.5 21
315.285168972332 668.307501053058 1 0.5 21
66.1861100466922 895.197259715037 1 0.5 21
287.055180117022 647.680721289676 1 0.5 21
623.674560221843 257.531472359734 1 0.5 21
775.370793114416 159.325722980178 1 0.5 21
470.667913439684 477.233030810341 1 0.5 21
438.250885077287 504.57600313158 1 0.5 21
687.166267167777 299.997627744742 1 0.5 21
-4.30851655546576 891.460528999698 1 0.5 21
342.729395651259 645.06228190148 1 0.5 21
993.929264240433 -66.6386692893871 1 0.5 21
295.668136316817 670.903688551841 1 0.5 21
991.732055891771 -41.4146803152676 1 0.5 21
482.233543950133 470.06319320504 1 0.5 21
44.3348398199305 906.763118430103 1 0.5 21
955.043798894621 4.58078852082924 1 0.5 21
628.429831296671 326.814333071308 1 0.5 21
601.422557316255 376.903956892667 1 0.5 21
678.057308949064 293.655606115581 1 0.5 21
59.5727536245249 819.185573469362 1 0.5 21
639.748287480325 273.595537032619 1 0.5 21
209.769641596358 711.475317095216 1 0.5 21
549.264074140228 457.798942946094 1 0.5 21
153.957011050079 807.370853737565 1 0.5 21
94.0494131296873 841.741082842146 1 0.5 21
265.576269617304 624.180243289775 1 0.5 21
468.209634476807 467.533390892223 1 0.5 21
418.24308418436 473.400038983709 1 0.5 21
292.780035664327 696.262295019824 1 0.5 21
886.705056531355 85.0070048942359 1 0.5 21
947.135503182653 3.9146727686646 1 0.5 21
937.819336703978 20.0675062144266 1 0.5 21
357.411355525255 593.569775929795 1 0.5 21
128.774315793999 834.332273426659 1 0.5 21
818.758262472693 85.5195238022044 1 0.5 21
509.119329438545 463.91913084243 1 0.5 21
337.97613682691 625.576933784683 1 0.5 21
393.891890626401 516.008832563142 1 0.5 21
79.2402304243296 845.936095383924 1 0.5 21
934.089035762008 0.513731160354277 1 0.5 21
677.873809600715 256.584664446161 1 0.5 21
759.117352648173 137.559360577035 1 0.5 21
742.447501746938 261.764455463914 1 0.5 21
919.849520653952 88.1190379457638 1 0.5 21
634.468142467085 309.494845627335 1 0.5 21
650.655567867216 287.09353306451 1 0.5 21
189.162210840732 716.645955996417 1 0.5 21
84.7284564631991 797.986123205221 1 0.5 21
2.81403360422701 956.866468486154 1 0.5 21
167.480843886733 734.586483073908 1 0.5 21
832.979093061294 117.364764494286 1 0.5 21
349.666144268122 636.463869512578 1 0.5 21
92.7772129303776 853.341389922359 1 0.5 21
2.27939202450216 913.372010013545 1 0.5 21
387.981937616132 504.775503226513 1 0.5 21
358.497732912656 616.736952687026 1 0.5 21
637.608223769348 335.857530331588 1 0.5 21
444.449450448155 534.603318431556 1 0.5 21
118.465384969022 816.357807091875 1 0.5 21
658.409023215063 333.272741115708 1 0.5 21
255.977332929615 697.31520405696 1 0.5 21
230.00112719601 688.823641887457 1 0.5 21
136.631698219571 825.364744537217 1 0.5 21
326.262212428264 635.082104034321 1 0.5 21
297.754734696355 634.899589264428 1 0.5 21
957.726557832211 -11.9566963244597 1 0.5 21
507.630117156077 448.217145893446 1 0.5 21
122.854655527044 807.340782959138 1 0.5 21
305.831524787936 700.287018363984 1 0.5 21
273.094177490566 614.411483791898 1 0.5 21
869.428178772796 87.7751031797003 1 0.5 21
25.4466593964025 975.688560691833 1 0.5 21
119.41892815521 802.913945591098 1 0.5 21
392.186189186759 564.843761272281 1 0.5 21
-24.2796182632446 933.447140873085 1 0.5 21
868.212687561754 71.2425138582313 1 0.5 21
166.885120200459 763.760541261904 1 0.5 21
344.185929582454 601.211202151776 1 0.5 21
413.422587688547 487.50076627217 1 0.5 21
776.948993757833 205.85087409895 1 0.5 21
163.700605102349 731.288007613277 1 0.5 21
373.468691657763 665.270066996394 1 0.5 21
700.655483233277 242.98816149458 1 0.5 21
494.772740406916 459.702950686639 1 0.5 21
772.872999869287 195.489365049671 1 0.5 21
0.960305728949606 971.573466923999 1 0.5 21
77.1144037949853 876.924608609258 1 0.5 21
397.086283133831 558.463311188387 1 0.5 21
494.460840604734 522.333494373319 1 0.5 21
96.9856056151912 831.456944466672 1 0.5 21
657.461127091665 308.158314291122 1 0.5 21
879.231491265818 83.2034851697163 1 0.5 21
254.585513717029 667.80075561916 1 0.5 21
64.36420584796 877.416239531419 1 0.5 21
723.388759198133 272.849369126503 1 0.5 21
528.372224455234 452.650756778164 1 0.5 21
142.426631227136 862.239291999626 1 0.5 21
896.021006652154 -5.19694097193069 1 0.5 21
56.2526339665055 922.003290725308 1 0.5 21
354.301472159568 622.330915512522 1 0.5 21
507.648680661805 427.522717646034 1 0.5 21
582.923681719694 377.534913783785 1 0.5 21
326.579205074813 612.371851214848 1 0.5 21
664.551960409153 317.334455934946 1 0.5 21
75.1415817881934 873.404869247085 1 0.5 21
93.4027253068052 868.413545902721 1 0.5 21
779.288217704743 170.657126855326 1 0.5 21
261.501057550777 683.452509004204 1 0.5 21
648.714457813185 297.865198166415 1 0.5 21
325.35343967611 638.502084713139 1 0.5 21
312.025780358817 629.088265085987 1 0.5 21
626.161542662885 371.768035944795 1 0.5 21
111.017823475413 736.660231677931 1 0.5 21
336.921476770658 584.642041497071 1 0.5 21
592.130973492749 386.722934383528 1 0.5 21
228.904947207775 631.557378025755 1 0.5 21
369.088370492682 530.586323496386 1 0.5 21
515.429579478223 428.074853202613 1 0.5 21
474.376527254935 451.982727803394 1 0.5 21
435.155982233118 533.682263132937 1 0.5 21
925.102362036705 -5.22233432702575 1 0.5 21
473.064884648193 524.990813694604 1 0.5 21
406.610851141158 568.93486425552 1 0.5 21
156.48703770712 782.444347967391 1 0.5 21
931.094769400079 29.1384272424445 1 0.5 21
295.385095966049 684.252968380401 1 0.5 21
604.59314630134 319.582422970925 1 0.5 21
282.475589925889 608.648769144581 1 0.5 21
389.485234429594 546.390128933563 1 0.5 21
502.559528069105 430.782028125517 1 0.5 21
438.361840730067 494.256819671724 1 0.5 21
636.175274068955 356.456853274819 1 0.5 21
638.692818710115 314.155754830738 1 0.5 21
99.2733923718333 857.390635974566 1 0.5 21
538.628846791107 394.753977363186 1 0.5 21
765.77949936036 192.979008186934 1 0.5 21
63.7677438557148 909.690563852254 1 0.5 21
896.217450557742 66.8276456736776 1 0.5 21
-29.5683281146921 1000.60001572196 1 0.5 21
488.813501805998 459.69008111365 1 0.5 21
824.564118986018 91.6910887518676 1 0.5 21
446.745938702952 540.506336153407 1 0.5 21
532.034029916395 373.558359546273 1 0.5 21
345.569365110714 652.183655905467 1 0.5 21
54.5158637803979 890.354333080863 1 0.5 21
-32.2027676156722 966.556560569578 1 0.5 21
992.818892153446 -32.7670783327141 1 0.5 21
971.733780368231 -59.9322888448843 1 0.5 21
37.5372486771084 908.616463222605 1 0.5 21
694.55501427874 243.129655984435 1 0.5 21
492.304428305943 486.542025962174 1 0.5 21
729.252299654763 261.81262066645 1 0.5 21
891.499878070317 75.5167126060136 1 0.5 21
555.695507570636 394.803560319468 1 0.5 21
563.598020293284 386.394877333658 1 0.5 21
241.191028174944 659.99559825988 1 0.5 21
-14.3362119677477 935.198270258864 1 0.5 21
236.941774410661 747.888930533469 1 0.5 21
721.17678130744 247.662294041474 1 0.5 21
948.776662501041 47.2261451429578 1 0.5 21
863.753830443602 101.533115059484 1 0.5 21
547.926122660283 418.619097851891 1 0.5 21
756.099482253194 212.346474978389 1 0.5 21
368.74568577623 580.956660627509 1 0.5 21
911.184610205237 36.7127625067147 1 0.5 21
604.995002574287 337.034728218404 1 0.5 21
458.949003275484 532.080436172644 1 0.5 21
910.226664564107 39.6366288953275 1 0.5 21
623.819842701778 362.030153611593 1 0.5 21
320.638833369594 541.541251176926 1 0.5 21
207.293825421948 683.218030629868 1 0.5 21
916.830298327841 31.2410427182441 1 0.5 21
682.32184931403 280.018776477996 1 0.5 21
676.128457218874 220.02751938248 1 0.5 21
855.530337244272 67.9050046868992 1 0.5 21
246.881337603554 689.703424760815 1 0.5 21
-20.3164125909097 949.076276396652 1 0.5 21
717.005757661536 221.456715577637 1 0.5 21
766.859250573907 144.048864974761 1 0.5 21
180.919219029602 716.162092756229 1 0.5 21
284.939563379157 682.619696234622 1 0.5 21
397.742734197527 553.178996605366 1 0.5 21
-12.9994275979698 893.662652324865 1 0.5 21
716.33165179519 223.259233117689 1 0.5 21
470.133989385795 507.562340932574 1 0.5 21
1.67494654888287 887.662502119064 1 0.5 21
671.731823158916 302.474454036823 1 0.5 21
561.381379829254 365.212762874072 1 0.5 21
141.071868373547 811.715239658384 1 0.5 21
739.162546722218 191.554675354544 1 0.5 21
574.584011675324 428.996700497998 1 0.5 21
483.122692920733 511.821764600151 1 0.5 21
148.195601289626 816.163488992037 1 0.5 21
721.268228814006 270.390181884618 1 0.5 21
761.652344046161 136.333125555515 1 0.5 21
900.904474291019 52.3216965778373 1 0.5 21
600.297597574536 302.37948424085 1 0.5 21
-41.4087069686502 981.284339677432 1 0.5 21
143.419666937552 840.150470347851 1 0.5 21
461.088098632172 402.539504502395 1 0.5 21
974.018587742466 -59.345255307009 1 0.5 21
42.1450624475256 848.054512374862 1 0.5 21
473.943478043657 457.326440129434 1 0.5 21
819.780439510942 97.5466239192604 1 0.5 21
128.066038584802 870.741844290163 1 0.5 21
741.48748004809 170.349718919287 1 0.5 21
602.089760021772 373.329618255174 1 0.5 21
160.08609913988 740.603501272597 1 0.5 21
425.98607490072 505.053587731774 1 0.5 21
923.294050735421 62.1613741763629 1 0.5 21
533.121082780417 453.415999021414 1 0.5 21
978.784132271539 -52.3385302524047 1 0.5 21
557.640373450704 400.285696524222 1 0.5 21
176.407430018298 817.035954413734 1 0.5 21
317.891815654002 631.938076034586 1 0.5 21
-32.637663569767 947.53844549756 1 0.5 21
143.492318445351 811.493564773013 1 0.5 21
-36.0222510294989 958.479347026049 1 0.5 21
888.646116957534 53.2155474995755 1 0.5 21
442.016517627053 441.543948214445 1 0.5 21
465.747201198246 466.475825258127 1 0.5 21
803.039112279657 197.905822073394 1 0.5 21
411.295421351679 499.900489585818 1 0.5 21
-44.5190032478422 967.187488426764 1 0.5 21
243.867216433864 709.113705187766 1 0.5 21
72.5389466504566 867.292466279933 1 0.5 21
834.66328632785 214.130761597192 1 0.5 21
314.793146227021 574.77501722201 1 0.5 21
492.324358900078 487.46634400292 1 0.5 21
441.086154803634 496.369663381648 1 0.5 21
371.87056359835 583.538389519689 1 0.5 21
808.052100543864 144.822333078455 1 0.5 21
925.722748809494 62.9332432743337 1 0.5 21
924.780210538302 -4.55179297531651 1 0.5 21
391.49198110681 565.35214139198 1 0.5 21
609.841318265535 355.671482198108 1 0.5 21
425.904591102153 537.832871261519 1 0.5 21
272.849058930296 629.233514477495 1 0.5 21
709.182101639453 216.718345132456 1 0.5 21
258.511573553551 690.343384253773 1 0.5 21
912.249803345185 1.84374982006912 1 0.5 21
584.83258158667 304.55848037115 1 0.5 21
-9.82602693838999 935.107734981921 1 0.5 21
-16.3157718721777 987.764701012577 1 0.5 21
373.739893443417 552.262332770616 1 0.5 21
393.642305803951 644.054590287508 1 0.5 21
787.842014082707 184.299306190584 1 0.5 21
263.841263053473 695.72605580121 1 0.5 21
780.045510118362 189.909854917968 1 0.5 21
426.12591200741 446.741562108022 1 0.5 21
909.81031646952 20.7679023626757 1 0.5 21
123.753896553535 834.796623425946 1 0.5 21
-39.6100452286191 1021.46928902315 1 0.5 21
212.886190006975 689.324947208826 1 0.5 21
725.763421098236 213.697668496416 1 0.5 21
593.235623463988 381.91572869536 1 0.5 21
61.9047052576207 873.221655786905 1 0.5 21
-2.60809962637722 1027.7867504195 1 0.5 21
12.1129391249269 911.796707476994 1 0.5 21
950.840336235706 -31.6537152410787 1 0.5 21
677.79609678546 300.903419122485 1 0.5 21
913.217850087676 10.9384634801137 1 0.5 21
651.795734756161 285.326058619344 1 0.5 21
590.217649412807 418.943463065635 1 0.5 21
273.484488320537 610.418269207568 1 0.5 21
-49.8080727178603 970.387730873791 1 0.5 21
273.348645155784 659.116437668133 1 0.5 21
737.324479978997 188.155074128232 1 0.5 21
324.00174299255 625.064291407508 1 0.5 21
818.328675965313 92.9380497999804 1 0.5 21
577.282984252088 399.604202506905 1 0.5 21
559.821766894311 421.537590110857 1 0.5 21
112.66517478507 761.181856373312 1 0.5 21
985.651987162419 -34.6894720350378 1 0.5 21
355.862515745685 619.459208849056 1 0.5 21
872.721455874853 60.4092064591649 1 0.5 21
818.87920408044 121.200168385372 1 0.5 21
865.680161176715 67.2668229321307 1 0.5 21
821.330761525314 120.643592851423 1 0.5 21
-7.61185319861397 947.360792135182 1 0.5 21
-22.1565842395648 998.00165457916 1 0.5 21
713.42228964204 325.365650798138 1 0.5 21
328.696032194421 688.263589579822 1 0.5 21
468.625589949079 553.383370075508 1 0.5 21
158.358157088514 724.137405548287 1 0.5 21
113.548351544887 849.151781744473 1 0.5 21
572.164189163595 335.798903418081 1 0.5 21
136.479245126247 815.986367271649 1 0.5 21
589.903743960895 378.454304111078 1 0.5 21
185.876225365791 817.585402122319 1 0.5 21
521.773463266436 451.993360111196 1 0.5 21
491.908198071178 454.236746837221 1 0.5 21
233.460139320232 699.522253086487 1 0.5 21
704.125556256622 267.340230913225 1 0.5 21
817.795114708133 128.971071546376 1 0.5 21
808.045169268735 153.748542287976 1 0.5 21
427.844127244316 561.756134164018 1 0.5 21
554.782452888321 347.055729493725 1 0.5 21
405.688226839993 545.942264139649 1 0.5 21
675.246882485226 256.420695850696 1 0.5 21
827.097870910075 90.0280587824249 1 0.5 21
946.977299614809 24.5237564367852 1 0.5 21
814.271960663609 130.478934118033 1 0.5 21
229.358775576111 697.532901681767 1 0.5 21
929.767981253099 26.7437559530829 1 0.5 21
497.720070311334 470.896531821795 1 0.5 21
267.715545149986 684.618047134755 1 0.5 21
110.608439170755 839.383558269502 1 0.5 21
210.75950601371 735.95059210747 1 0.5 21
188.489521690644 781.228559276485 1 0.5 21
454.827382077929 514.130718734427 1 0.5 21
554.310258303303 349.995026224016 1 0.5 21
288.586290529929 594.443379775087 1 0.5 21
104.023907973897 869.367137130721 1 0.5 21
888.594990491401 39.0055307395436 1 0.5 21
745.453607896343 223.995180531844 1 0.5 21
844.27363302093 56.3845398449289 1 0.5 21
208.910143433604 715.693961456455 1 0.5 21
847.570605075452 64.8277596971108 1 0.5 21
635.838317091111 301.825267740787 1 0.5 21
-5.60076078400016 940.229443936262 1 0.5 21
849.056725029368 64.0511913069631 1 0.5 21
731.77935621934 169.343902922031 1 0.5 21
462.164092063904 493.555601563106 1 0.5 21
216.093302890658 747.306257284051 1 0.5 21
892.4553824123 123.277086526514 1 0.5 21
695.586904685479 270.69638387716 1 0.5 21
813.115478435066 70.5365505428125 1 0.5 21
22.7079816046171 894.762238032706 1 0.5 21
12.816892110277 909.424622862321 1 0.5 21
266.932012070902 711.113986654406 1 0.5 21
615.092247875873 345.318228998479 1 0.5 21
370.962118927855 540.748661248243 1 0.5 21
259.844064747449 673.534588531293 1 0.5 21
751.945934945252 142.705712243799 1 0.5 21
799.051069945563 112.770429341276 1 0.5 21
978.968613175675 -44.9175517503333 1 0.5 21
192.181115353014 716.103299341679 1 0.5 21
443.143959739245 538.415573693755 1 0.5 21
326.07868227642 605.093212360055 1 0.5 21
368.894383287989 562.066683633731 1 0.5 21
3.19204186089337 930.101685692881 1 0.5 21
288.703107647598 677.389043456701 1 0.5 21
557.797313830815 336.083808600487 1 0.5 21
998.025307536591 -77.8340558838512 1 0.5 21
267.57717927685 647.720309673884 1 0.5 21
185.767450160347 715.694036931453 1 0.5 21
793.662528169807 105.721079950516 1 0.5 21
59.7817841800861 915.029826343493 1 0.5 21
154.019562678877 693.722795496446 1 0.5 21
797.959409514442 130.090818165666 1 0.5 21
747.847196832299 258.914354560374 1 0.5 21
294.105358200613 530.758791452589 1 0.5 21
337.179256300442 593.237859455791 1 0.5 21
267.945174931083 728.864332321921 1 0.5 21
654.812653420959 219.353507108172 1 0.5 21
656.064200121909 316.052174216334 1 0.5 21
844.343764020596 100.808111442215 1 0.5 21
290.591536881402 639.697225669978 1 0.5 21
861.358851194382 87.5878159914509 1 0.5 21
13.9995507081039 942.955069002493 1 0.5 21
698.783747781999 281.33393225512 1 0.5 21
126.45662764553 828.290828749172 1 0.5 21
440.059681900311 493.487219484317 1 0.5 21
534.284591383766 469.002640186708 1 0.5 21
143.991281755734 810.965802428484 1 0.5 21
415.921649010852 546.096189229625 1 0.5 21
-22.9656050098129 993.661852452886 1 0.5 21
223.329821822699 738.224321796469 1 0.5 21
217.962084873579 730.280647957871 1 0.5 21
366.213777416851 545.712135683512 1 0.5 21
565.375101496466 376.810139826198 1 0.5 21
271.019419631921 658.126461036873 1 0.5 21
768.042550666723 156.27399768015 1 0.5 21
844.593211449683 112.931195999938 1 0.5 21
155.503674293868 776.343402151924 1 0.5 21
179.682189086452 796.974407335785 1 0.5 21
18.4961007907987 915.461862226038 1 0.5 21
979.365826677531 -50.2650292541217 1 0.5 21
887.227579136379 53.4818974411407 1 0.5 21
-44.5345707470551 921.376318277824 1 0.5 21
587.872316595167 401.022085994255 1 0.5 21
703.314964997116 260.681591528096 1 0.5 21
626.18809331907 286.880142474647 1 0.5 21
535.00852312427 405.40802169066 1 0.5 21
958.422222232912 -51.9917297465558 1 0.5 21
374.168498395011 576.20728227221 1 0.5 21
383.370105701033 540.199850140287 1 0.5 21
-45.9842939279042 1006.91131839478 1 0.5 21
-23.337229853496 967.274752674586 1 0.5 21
588.669191987719 319.513082068275 1 0.5 21
706.086309894454 273.321755381994 1 0.5 21
940.616982895881 36.6788532174452 1 0.5 21
42.9434440331534 920.819822508202 1 0.5 21
981.318938848563 -39.9328925144379 1 0.5 21
734.613165957853 199.11440756598 1 0.5 21
897.281843784731 78.3782007268837 1 0.5 21
524.994585872628 369.749615311007 1 0.5 21
250.174062687438 676.836506042696 1 0.5 21
890.130373544525 30.6473376270299 1 0.5 21
634.014605509583 308.030929972022 1 0.5 21
52.3288208292797 867.793301285287 1 0.5 21
189.449465891812 725.44691749831 1 0.5 21
703.846288844943 230.981837198828 1 0.5 21
549.515479302499 400.872271719266 1 0.5 21
469.526150636375 459.538925721334 1 0.5 21
127.245289750863 749.004034634922 1 0.5 21
284.732267353684 661.668009229061 1 0.5 21
746.333334420342 228.729232058579 1 0.5 21
102.227566519286 925.755974588975 1 0.5 21
935.894966882188 17.2954164505675 1 0.5 21
262.094777298626 729.650147153553 1 0.5 21
615.357885230333 405.628037770377 1 0.5 21
274.971609876957 657.520857403739 1 0.5 21
-7.15703178429976 934.938699845966 1 0.5 21
871.026232512668 62.5116932379678 1 0.5 21
558.961217990145 409.958596527186 1 0.5 21
845.715546049178 106.986375589919 1 0.5 21
770.911574666388 135.847504254187 1 0.5 21
393.399787694216 575.236928469934 1 0.5 21
690.654758969322 269.594462529671 1 0.5 21
651.261881110258 288.634684346768 1 0.5 21
20.7709361449815 885.747326146153 1 0.5 21
246.047279948834 679.313259880279 1 0.5 21
10.0431626313366 963.489962227166 1 0.5 21
260.071887879167 667.214841872726 1 0.5 21
-43.7670769984834 990.26520842124 1 0.5 21
379.428110923618 554.810696204091 1 0.5 21
807.460738974623 149.298678463557 1 0.5 21
100.242239760701 868.947199282166 1 0.5 21
987.100809707772 -57.7515813447613 1 0.5 21
246.352200314868 681.668336076581 1 0.5 21
533.150386437774 382.089688457012 1 0.5 21
849.836679769214 142.007352620721 1 0.5 21
768.957790441345 191.454277328135 1 0.5 21
351.737293961924 576.5006224085 1 0.5 21
855.612106097396 64.3845473339968 1 0.5 21
733.430207148194 202.927350704368 1 0.5 21
640.564682998229 295.312854912024 1 0.5 21
701.999023591634 286.79451192879 1 0.5 21
132.379861117806 753.296916329401 1 0.5 21
140.038984676357 794.947463315865 1 0.5 21
10.9907548758201 887.414650214 1 0.5 21
400.252800434828 476.65546258496 1 0.5 21
891.895742330234 114.693012328532 1 0.5 21
389.004243246745 570.606704903056 1 0.5 21
416.660962451715 509.890520929848 1 0.5 21
-11.8373088189401 891.779789987665 1 0.5 21
735.261507390533 217.43950690177 1 0.5 21
866.906234121416 55.2801248545625 1 0.5 21
79.382607107982 866.270923032108 1 0.5 21
625.903450453188 356.89579849017 1 0.5 21
767.249175871257 235.473993908232 1 0.5 21
34.8483595997095 949.104175099779 1 0.5 21
173.830925289076 770.509780951108 1 0.5 21
321.357130515389 632.839969885848 1 0.5 21
319.675956724677 598.345101926378 1 0.5 21
65.5225441092625 866.813750038707 1 0.5 21
98.2058126945049 872.835687260945 1 0.5 21
192.086833680514 798.041661659309 1 0.5 21
874.862715299241 95.5364298837871 1 0.5 21
629.698973149061 341.255785884045 1 0.5 21
458.825027768034 499.70386513066 1 0.5 21
730.8813096839 196.989925993411 1 0.5 21
873.148023395333 107.07180417659 1 0.5 21
605.188491789158 405.233145998705 1 0.5 21
343.982583493926 624.975059253253 1 0.5 21
538.88428354403 394.53621735335 1 0.5 21
272.169878310524 656.044983896841 1 0.5 21
-32.403665559832 1088.75656334964 1 0.5 21
735.392249398865 232.016734125104 1 0.5 21
489.091016107704 399.278864159523 1 0.5 21
850.55237255292 115.71277888637 1 0.5 21
853.546770929825 93.5639587185949 1 0.5 21
640.606045734603 238.478257161812 1 0.5 21
43.6274872045033 897.610059744035 1 0.5 21
840.327440167312 117.287992504135 1 0.5 21
313.919010292739 592.855490046487 1 0.5 21
789.162553520873 202.894335217856 1 0.5 21
97.4825266050175 841.90268003125 1 0.5 21
635.598889598623 314.052332701804 1 0.5 21
398.19505661726 570.843042034802 1 0.5 21
822.791705245618 139.427768215296 1 0.5 21
446.367245679721 496.054811972312 1 0.5 21
169.809583888855 791.447127099217 1 0.5 21
405.997336725704 428.363688500659 1 0.5 21
629.790161026176 399.011060436023 1 0.5 21
222.629715362564 712.655721489726 1 0.5 21
38.0081434035674 963.401161734834 1 0.5 21
464.976760093123 447.236651628355 1 0.5 21
907.04011839116 76.3448786764217 1 0.5 21
882.072226656601 86.7480443658875 1 0.5 21
215.581113146618 676.982163636354 1 0.5 21
497.245823137928 372.583426913712 1 0.5 21
479.168548120651 457.702722774266 1 0.5 21
528.373968764208 420.443958694704 1 0.5 21
526.106802991126 436.944320298379 1 0.5 21
698.234124458395 232.157518209878 1 0.5 21
391.449066216592 575.919447763559 1 0.5 21
411.533083755057 489.297372905149 1 0.5 21
180.589512852021 732.028980040152 1 0.5 21
993.876320857089 -25.6081734060178 1 0.5 21
939.428791159298 27.4076632189191 1 0.5 21
863.875318691134 90.9118732366379 1 0.5 21
976.538445090409 -11.3121062898944 1 0.5 21
30.6619447190315 875.132773974613 1 0.5 21
798.412717401516 161.953570801376 1 0.5 21
675.130093481857 318.45146932769 1 0.5 21
800.172378250863 171.187058037902 1 0.5 21
986.198157316539 -45.7444101600753 1 0.5 21
245.165799581446 673.969598210932 1 0.5 21
398.33114889916 587.23500233235 1 0.5 21
909.61651726393 88.4487603652318 1 0.5 21
97.7034795796499 843.86771617924 1 0.5 21
904.912326694466 34.3673558208846 1 0.5 21
246.111437270883 683.692743035536 1 0.5 21
11.1841692822054 957.529572277203 1 0.5 21
138.87110784417 754.500531909194 1 0.5 21
597.832203982398 358.651195668112 1 0.5 21
-37.3939890530892 951.508550720519 1 0.5 21
408.422277995851 515.270511342897 1 0.5 21
722.295604553074 177.957747877173 1 0.5 21
457.755629217718 507.471765651708 1 0.5 21
874.929618043825 6.77925951892769 1 0.5 21
522.907858167309 368.523613150312 1 0.5 21
634.202058706433 346.768132506328 1 0.5 21
209.795089927502 721.756500989485 1 0.5 21
370.787553815171 525.378731421739 1 0.5 21
701.011438388377 270.938064871001 1 0.5 21
474.161962338258 480.174551077995 1 0.5 21
841.321748355404 53.4942593252247 1 0.5 21
6.18693016003817 951.79174830584 1 0.5 21
377.418501477223 588.079018181895 1 0.5 21
631.543176388368 282.480208975291 1 0.5 21
983.395293110516 -1.25314834165196 1 0.5 21
601.925698900595 316.405331829368 1 0.5 21
180.212090839632 797.361124229782 1 0.5 21
178.879739728291 729.524683010375 1 0.5 21
873.058956803288 140.122595493109 1 0.5 21
965.343152033165 9.00142946874956 1 0.5 21
564.791492139921 407.855435487999 1 0.5 21
891.366812598426 1.29654806015753 1 0.5 21
132.153808698058 800.567912216981 1 0.5 21
35.8092523529194 863.295241063397 1 0.5 21
81.3541268114932 808.059312305924 1 0.5 21
713.150330481585 239.609172380217 1 0.5 21
-15.3325927909464 965.626959684309 1 0.5 21
-26.3008452719077 932.835828409857 1 0.5 21
487.128235062119 375.467179219173 1 0.5 21
527.613287232816 375.953337818505 1 0.5 21
258.756624395028 713.049469558584 1 0.5 21
487.545817741193 443.253672577513 1 0.5 21
148.488087311853 752.576002166395 1 0.5 21
517.717408773024 474.990172488513 1 0.5 21
775.582104106434 168.735742373222 1 0.5 21
449.638339621015 441.569189356661 1 0.5 21
78.0623395228758 823.676743526754 1 0.5 21
405.892311478965 565.20396929029 1 0.5 21
-7.22834945190698 966.664048599391 1 0.5 21
563.057116069831 418.921751588762 1 0.5 21
521.506373747252 425.133684060675 1 0.5 21
226.678258692846 727.227120780121 1 0.5 21
599.360477051232 335.38614068622 1 0.5 21
849.911163595971 123.450640088564 1 0.5 21
444.906267977785 496.584558651578 1 0.5 21
695.945609663613 208.65094088386 1 0.5 21
719.842715468258 158.855203335677 1 0.5 21
195.579106733203 767.014636648241 1 0.5 21
758.627716684714 178.216289327492 1 0.5 21
84.6111044404097 868.494949413035 1 0.5 21
262.246970762499 671.421933429713 1 0.5 21
601.110507652629 368.527947346864 1 0.5 21
97.6107759750448 822.07960283761 1 0.5 21
301.224328798708 661.365845454717 1 0.5 21
786.143260542303 186.869555622831 1 0.5 21
213.111446914263 710.581384930013 1 0.5 21
809.169724409003 52.4711918748739 1 0.5 21
40.2137787081301 935.404661586254 1 0.5 21
353.14749381505 549.82576933544 1 0.5 21
362.196760240477 595.529058553846 1 0.5 21
41.184018610511 898.72986410976 1 0.5 21
532.347123965155 402.04506676031 1 0.5 21
155.534401268233 816.265151951465 1 0.5 21
-43.5690112644807 973.147705512656 1 0.5 21
626.384913467336 260.584424601159 1 0.5 21
925.473392568529 56.2318783396233 1 0.5 21
586.029301246163 361.203426471481 1 0.5 21
655.700909579173 246.25001429545 1 0.5 21
20.9779373370111 882.744356726995 1 0.5 21
514.988359273411 452.814119674998 1 0.5 21
197.355000535026 708.995406721107 1 0.5 21
88.7067707604729 921.44685579762 1 0.5 21
454.187260288745 444.551996254 1 0.5 21
760.150716733187 201.460874240687 1 0.5 21
575.428482377902 331.869289267342 1 0.5 21
951.9363206462 32.1305205858423 1 0.5 21
681.262609071564 262.432675136208 1 0.5 21
431.877225067001 499.636952050192 1 0.5 21
568.975955643691 390.606222376614 1 0.5 21
702.726332959719 259.55465034161 1 0.5 21
992.648010747507 -76.6189615023943 1 0.5 21
411.055471422151 561.994769156834 1 0.5 21
76.80378673831 832.53423975389 1 0.5 21
109.270652220584 795.911555796598 1 0.5 21
245.227248885203 694.820062316119 1 0.5 21
776.691473613027 160.233281517043 1 0.5 21
948.096906393766 44.4727550164528 1 0.5 21
291.094326914754 694.787828201111 1 0.5 21
944.449744815938 20.5887848171938 1 0.5 21
709.317505732179 216.610989190205 1 0.5 21
29.3702639988624 904.586055266536 1 0.5 21
564.932190766558 436.876210412279 1 0.5 21
831.928891933057 93.9704161403239 1 0.5 21
489.072636445053 520.709193359252 1 0.5 21
382.309858477674 540.956842194926 1 0.5 21
6.13383887102827 936.52778106927 1 0.5 21
703.326732420828 258.976953714067 1 0.5 21
307.701779715717 683.283154498713 1 0.5 21
963.678003393579 45.338077396938 1 0.5 21
912.509584613144 99.0195984181001 1 0.5 21
810.679013724439 164.158633332634 1 0.5 21
899.193492496852 -9.36568788724644 1 0.5 21
870.918450842146 54.3500815155702 1 0.5 21
102.584391506389 866.699115508833 1 0.5 21
791.863963240758 171.426930899539 1 0.5 21
940.692202828359 53.8198016443727 1 0.5 21
748.490421951283 244.213490263096 1 0.5 21
115.583783364855 844.843027499736 1 0.5 21
144.787233287934 783.772669480945 1 0.5 21
892.185280262493 11.4864317646828 1 0.5 21
279.736531490926 712.88439852683 1 0.5 21
284.022674150765 672.269570204191 1 0.5 21
317.983617156278 602.59098980789 1 0.5 21
659.133407962508 294.81827867117 1 0.5 21
608.093271800317 319.132379738632 1 0.5 21
629.498552414589 322.912294400592 1 0.5 21
891.315154894255 48.5304953830344 1 0.5 21
527.09295314271 401.09095009511 1 0.5 21
602.566254138947 351.016362047052 1 0.5 21
818.52460965747 181.68729571088 1 0.5 21
38.9420141582377 924.51176819783 1 0.5 21
343.412113049999 631.448532605476 1 0.5 21
781.375469069462 65.3020312144368 1 0.5 21
295.533585187513 669.577000814815 1 0.5 21
842.724003107287 116.778672725993 1 0.5 21
100.437681819312 826.387344931674 1 0.5 21
568.103270651773 410.982638878453 1 0.5 21
204.174407152459 704.532859736933 1 0.5 21
444.259946374223 505.057853293959 1 0.5 21
47.7161799557507 867.579565434746 1 0.5 21
466.975582204759 442.176483070775 1 0.5 21
374.765017593745 550.864839100185 1 0.5 21
61.0571576282382 848.743226705148 1 0.5 21
808.771519816946 109.365532073655 1 0.5 21
711.134059168398 207.920607887845 1 0.5 21
947.550865809899 6.38860111344818 1 0.5 21
869.278062589001 70.7391911739111 1 0.5 21
882.381296448875 60.0229069024086 1 0.5 21
520.969376189169 378.695788589884 1 0.5 21
476.001295936294 447.567490001436 1 0.5 21
799.312783032656 152.327516945546 1 0.5 21
323.005369014572 589.394150212844 1 0.5 21
112.185290816706 856.149881041219 1 0.5 21
293.984213192016 676.125360205482 1 0.5 21
665.902345743962 299.591810434399 1 0.5 21
697.549235902261 200.795877192113 1 0.5 21
142.057079263031 839.184238119174 1 0.5 21
364.640360360499 579.556249930568 1 0.5 21
189.255915803369 759.357858735387 1 0.5 21
463.544539408758 443.799174946391 1 0.5 21
135.030377109069 833.47179760674 1 0.5 21
601.025178551208 352.074755983235 1 0.5 21
387.012238975149 543.184125732551 1 0.5 21
342.634576384444 558.247027585414 1 0.5 21
-6.75647096941248 897.541310078873 1 0.5 21
342.575750022661 550.888122684372 1 0.5 21
746.719633461908 144.576180925086 1 0.5 21
495.482223841827 431.607655349282 1 0.5 21
604.538853431586 320.249309866188 1 0.5 21
936.260316614062 6.01687113498448 1 0.5 21
586.488873977214 320.194599832701 1 0.5 21
400.259988650214 553.924430433647 1 0.5 21
259.685800061561 747.012242544681 1 0.5 21
83.3493605605327 811.450502834675 1 0.5 21
670.894819614477 297.749540746809 1 0.5 21
763.292326719966 146.260876322967 1 0.5 21
527.773439732846 418.377988148847 1 0.5 21
174.238691432402 758.971526161184 1 0.5 21
349.683506682049 664.306102676427 1 0.5 21
109.291016997304 833.711460343559 1 0.5 21
363.619879470207 551.871535668555 1 0.5 21
332.599058595952 681.814436430439 1 0.5 21
603.860449255444 349.423305546576 1 0.5 21
773.784311953932 161.124888808028 1 0.5 21
283.690895827021 683.410906088835 1 0.5 21
709.169238002505 292.784962854495 1 0.5 21
797.455640125554 187.682067609809 1 0.5 21
246.860909753013 718.255417037569 1 0.5 21
732.546371780336 227.176721068393 1 0.5 21
95.2156043262221 841.747156054622 1 0.5 21
697.92772307992 281.902327183221 1 0.5 21
-43.5492598684505 979.878750805094 1 0.5 21
735.374447668437 268.336216576949 1 0.5 21
195.846631657332 755.607716731025 1 0.5 21
-6.38879239559174 873.798995631062 1 0.5 21
295.50259882817 667.397226590504 1 0.5 21
711.700516601559 299.661489722898 1 0.5 21
393.272289342713 518.782457777428 1 0.5 21
172.515586263034 781.372807613638 1 0.5 21
104.64460644871 810.965499517445 1 0.5 21
878.785195329692 67.142603186186 1 0.5 21
689.964897115715 250.453879374773 1 0.5 21
996.604147262406 -22.212347506855 1 0.5 21
495.107768010348 441.167003657138 1 0.5 21
828.949540085159 150.752269435009 1 0.5 21
205.706635292154 811.62380222143 1 0.5 21
522.92319732951 409.648243067849 1 0.5 21
326.672563375905 625.033620807488 1 0.5 21
369.913545250893 512.856013879143 1 0.5 21
536.503676080611 397.524242764836 1 0.5 21
156.212839426007 784.645585549146 1 0.5 21
812.958695006091 132.643898153089 1 0.5 21
200.020917051006 716.505756916869 1 0.5 21
775.465606269427 195.244716013867 1 0.5 21
146.804758254439 768.473645981369 1 0.5 21
618.704169034027 289.785716463986 1 0.5 21
431.972924189176 525.346551832865 1 0.5 21
153.142449073493 810.387488707417 1 0.5 21
819.992972130422 144.015630721207 1 0.5 21
129.371577454731 797.682075824048 1 0.5 21
365.011630964 579.573402272653 1 0.5 21
499.223172769416 433.62079517292 1 0.5 21
425.643872038927 498.204009347002 1 0.5 21
951.470411196351 -1.61712660585012 1 0.5 21
875.572461541742 132.494647403274 1 0.5 21
959.940421092324 35.2357138653859 1 0.5 21
600.969629827887 346.971022339943 1 0.5 21
-16.4563120808452 956.041646652269 1 0.5 21
493.983048340306 453.858615818665 1 0.5 21
303.515571169555 621.301964923611 1 0.5 21
811.795455077663 116.551190163834 1 0.5 21
994.622776552569 -70.0362891527738 1 0.5 21
283.172925782856 640.745754327706 1 0.5 21
798.936172667891 167.466437376777 1 0.5 21
585.381070070434 427.81476068924 1 0.5 21
129.73500539083 770.695114373454 1 0.5 21
-35.032357275486 973.605279173822 1 0.5 21
661.570830270648 342.726250347772 1 0.5 21
742.027267522644 217.589578875698 1 0.5 21
-4.64662353042513 1007.21310434243 1 0.5 21
58.6237749783322 883.876190972488 1 0.5 21
-9.46202644845471 933.831567637356 1 0.5 21
325.882554717828 629.676274160602 1 0.5 21
445.069643598981 436.547496546034 1 0.5 21
862.36640146235 83.4406362821007 1 0.5 21
501.278446929064 492.429445912881 1 0.5 21
621.917108667549 328.334816212178 1 0.5 21
401.667181740049 530.256114850552 1 0.5 21
160.076432710048 734.150539918931 1 0.5 21
-18.4317174251191 935.704454701721 1 0.5 21
915.201240137685 53.1600978692792 1 0.5 21
284.530203521717 697.478483951689 1 0.5 21
848.01857417915 158.935842128158 1 0.5 21
284.774442226626 650.505424258628 1 0.5 21
454.412796383258 558.134331805388 1 0.5 21
93.1625115917996 858.117561816333 1 0.5 21
317.28526991792 610.263835620213 1 0.5 21
53.3452869975008 900.804275459612 1 0.5 21
963.821675535291 -40.9332354335826 1 0.5 21
500.319146912079 442.357635330097 1 0.5 21
244.803873926867 648.149384604533 1 0.5 21
420.35174886696 526.325096116788 1 0.5 21
242.967946315184 734.782221585943 1 0.5 21
520.914611977059 448.184817798639 1 0.5 21
83.7061733240262 829.532174422609 1 0.5 21
184.263871959411 733.570216584651 1 0.5 21
-47.7235166588798 961.041705997762 1 0.5 21
960.171287169214 -70.5892279978797 1 0.5 21
404.719357937574 526.945532941368 1 0.5 21
967.834533262067 -44.1571711060226 1 0.5 21
573.287407530006 378.633347764382 1 0.5 21
51.0316568426788 831.95856715241 1 0.5 21
147.159371746238 780.741548818349 1 0.5 21
868.121188960504 -7.22157111163708 1 0.5 21
4.74724305095151 971.951426402945 1 0.5 21
837.371742469259 126.198299584192 1 0.5 21
200.18748792354 733.344459483517 1 0.5 21
280.660163261928 613.109735613792 1 0.5 21
323.211695707869 618.738495032319 1 0.5 21
205.585405207239 777.120882032774 1 0.5 21
780.607322824653 146.696837332773 1 0.5 21
864.36942165019 122.785956312335 1 0.5 21
734.525199735072 218.483332383787 1 0.5 21
827.929762541316 96.6867324451168 1 0.5 21
142.85186319612 790.820969067208 1 0.5 21
324.805602466222 636.044348308401 1 0.5 21
993.910742539447 -42.6631374876678 1 0.5 21
532.035200938117 383.769287353026 1 0.5 21
71.9690868980251 836.739892782703 1 0.5 21
245.018000993878 678.006088487083 1 0.5 21
803.583583352156 195.270701671324 1 0.5 21
104.124345944729 793.906436014422 1 0.5 21
961.300730286166 -8.75355575015657 1 0.5 21
969.03437996516 15.045749143258 1 0.5 21
44.6262927027419 895.438789992896 1 0.5 21
-32.0583268534392 988.672331641728 1 0.5 21
860.216285299975 69.911174224405 1 0.5 21
272.769265167881 690.597117811672 1 0.5 21
209.921926492825 690.819807002055 1 0.5 21
953.063295327593 -10.1615875623084 1 0.5 21
364.518312516157 547.93111230151 1 0.5 21
928.596542216837 -13.8534476548586 1 0.5 21
921.770244662184 19.7259645550406 1 0.5 21
888.704392767977 50.6461918455217 1 0.5 21
188.423197367229 828.122153499933 1 0.5 21
364.273471187335 599.797989720659 1 0.5 21
862.351887393743 112.147451097924 1 0.5 21
315.551817708183 578.133094659231 1 0.5 21
831.228461302817 66.0218452093787 1 0.5 21
968.908344779629 77.9712823284009 1 0.5 21
40.0364825967699 915.084000918062 1 0.5 21
669.514439010527 295.161720578818 1 0.5 21
265.339320828207 656.342781163929 1 0.5 21
240.350145346019 734.587572752933 1 0.5 21
464.794074592646 491.912295031825 1 0.5 21
235.890312050469 732.30748977882 1 0.5 21
991.276461211964 -15.6048508541249 1 0.5 21
714.239165058825 250.354848217384 1 0.5 21
249.383361439686 678.648917805007 1 0.5 21
633.681197778787 375.526010063234 1 0.5 21
969.169911916833 -49.7996016177178 1 0.5 21
401.739178306889 541.697152154963 1 0.5 21
-18.4405335807241 954.507233315553 1 0.5 21
744.885200064164 262.525106843501 1 0.5 21
-21.1877899011597 933.777272359375 1 0.5 21
247.615612961818 684.677426732125 1 0.5 21
784.078317263629 133.769062406611 1 0.5 21
261.033208947629 682.565154481419 1 0.5 21
548.386041319463 426.775019571826 1 0.5 21
864.794499112759 44.1112315140474 1 0.5 21
-26.3307588873431 979.550760487562 1 0.5 21
774.347308150027 204.349150939272 1 0.5 21
772.378840437159 220.898769882644 1 0.5 21
189.04326754855 774.223421108779 1 0.5 21
910.76448574895 18.2736851163261 1 0.5 21
655.314683145843 256.921703493507 1 0.5 21
901.721643807832 119.822985466442 1 0.5 21
999.679789366201 -66.6604876032107 1 0.5 21
443.301049980801 454.12251132682 1 0.5 21
584.586668980774 362.083708783432 1 0.5 21
720.456490979996 211.779641558726 1 0.5 21
522.082924703136 407.362472322249 1 0.5 21
912.657712015789 53.7369348088232 1 0.5 21
237.271492567379 714.757248877033 1 0.5 21
924.216427630745 29.7265698149248 1 0.5 21
732.783026713878 254.698656688796 1 0.5 21
432.379575783852 509.285864831397 1 0.5 21
101.211870193947 832.064528975363 1 0.5 21
943.70672297664 18.1730886394281 1 0.5 21
904.153409029823 29.5137159590695 1 0.5 21
100.478843110614 866.579902126802 1 0.5 21
-20.8150351070799 942.511903683436 1 0.5 21
821.7249795096 120.323540032897 1 0.5 21
133.659179368988 805.99390803859 1 0.5 21
970.024250983261 -17.4698902237568 1 0.5 21
867.101919674315 93.3802306129892 1 0.5 21
630.664752656594 250.948236185992 1 0.5 21
408.329202060122 551.60096210459 1 0.5 21
733.294159115758 246.89786473538 1 0.5 21
399.046125868335 580.229585775885 1 0.5 21
149.826437770389 767.003460443471 1 0.5 21
426.06967802858 587.492178845264 1 0.5 21
85.7124046538956 893.278815644501 1 0.5 21
297.249535878655 616.908482616888 1 0.5 21
782.743364234921 146.844202060313 1 0.5 21
-14.0629646833986 974.076413558565 1 0.5 21
332.121348474175 602.727059974607 1 0.5 21
676.242041192017 296.954606504334 1 0.5 21
671.181355183944 221.25250767164 1 0.5 21
453.348727570847 525.067851240937 1 0.5 21
382.241402112413 553.08867440919 1 0.5 21
-14.9947046185844 1014.22000752977 1 0.5 21
669.983063079417 252.948238213364 1 0.5 21
147.848015639465 800.238047236752 1 0.5 21
922.963157889899 41.2896956415329 1 0.5 21
386.75324539654 512.712483520069 1 0.5 21
204.003999044653 774.172142453455 1 0.5 21
411.133325053379 556.413096077502 1 0.5 21
279.021116916556 707.375340571697 1 0.5 21
200.450606481172 733.293806200477 1 0.5 21
-45.5220691626891 987.068570609747 1 0.5 21
965.028792596422 -7.15563658978622 1 0.5 21
-6.40121133765206 936.978380284026 1 0.5 21
526.152969361283 457.786897168593 1 0.5 21
496.421973174438 399.361819157883 1 0.5 21
594.387343374547 336.14473428655 1 0.5 21
642.022866138723 275.375955603166 1 0.5 21
935.542141459882 -10.6552054845624 1 0.5 21
674.94708087761 282.752944022212 1 0.5 21
977.840203198139 -40.7058696183726 1 0.5 21
289.364638843108 700.389495480473 1 0.5 21
384.605978557374 582.891752268532 1 0.5 21
-38.8574371463619 981.169744057564 1 0.5 21
769.515154242981 120.75162926625 1 0.5 21
392.113114497624 572.887332212349 1 0.5 21
736.269243946299 190.046389460213 1 0.5 21
866.758078359999 69.3758541915404 1 0.5 21
86.7869874811731 804.076519428937 1 0.5 21
822.826126194559 123.878714087446 1 0.5 21
345.545854466036 604.659023580552 1 0.5 21
941.035931441002 25.9452664278027 1 0.5 21
20.0683761620894 833.806947748158 1 0.5 21
143.008132255636 803.726264647245 1 0.5 21
601.352370332461 382.42324974502 1 0.5 21
-28.5299428156577 1011.21552064689 1 0.5 21
536.127957794815 408.468694369847 1 0.5 21
606.22881379677 349.583655423323 1 0.5 21
368.243002577219 529.620398456086 1 0.5 21
961.980503995437 -28.8925678867939 1 0.5 21
223.880346759688 690.302217574623 1 0.5 21
693.210822157562 275.700759776077 1 0.5 21
416.499178588856 574.84148827968 1 0.5 21
476.081338326912 443.837789397796 1 0.5 21
-1.32739741820842 862.868967041271 1 0.5 21
779.408283124212 192.447338913898 1 0.5 21
47.5521938875318 900.099563451628 1 0.5 21
972.697966650594 -19.9441461154434 1 0.5 21
725.127308163792 253.931835862685 1 0.5 21
66.2082313559949 856.192244007989 1 0.5 21
319.090823817533 661.612680646458 1 0.5 21
960.916746151634 13.1006693704827 1 0.5 21
968.988794705365 -19.2214201614721 1 0.5 21
826.832565793302 96.8012369331662 1 0.5 21
709.999086579774 243.869601808174 1 0.5 21
419.890956464224 512.217228151563 1 0.5 21
338.374817161821 624.627218523639 1 0.5 21
938.272196473554 -54.334183851782 1 0.5 21
770.090055745095 159.439801880774 1 0.5 21
444.484382343944 493.734625165162 1 0.5 21
975.636809703428 -29.2544575765375 1 0.5 21
736.082785751205 210.70105225406 1 0.5 21
59.0363454888575 893.777071485258 1 0.5 21
644.439555739518 342.344911814738 1 0.5 21
-3.02935452200472 955.810961847719 1 0.5 21
550.761052570306 370.4216519218 1 0.5 21
625.898792769294 320.828399558842 1 0.5 21
308.710230863653 587.849986771265 1 0.5 21
782.920846878551 131.774452497516 1 0.5 21
889.338688540738 46.3349385285412 1 0.5 21
417.045777547173 515.744592909766 1 0.5 21
412.920036015566 506.276907031082 1 0.5 21
549.474494520109 380.975255473816 1 0.5 21
104.372478602454 832.656678364879 1 0.5 21
296.084666787647 685.798028753077 1 0.5 21
893.789497145917 88.5729278647981 1 0.5 21
837.493859988172 110.146277603134 1 0.5 21
457.978164660744 584.106557111223 1 0.5 21
254.276499419939 704.199898620798 1 0.5 21
931.748181919102 20.154199009163 1 0.5 21
833.485629386269 111.325372286664 1 0.5 21
1.59345297142863 965.246797144391 1 0.5 21
-49.4377100840211 1056.33600331821 1 0.5 21
772.828321601264 154.739278779106 1 0.5 21
644.867063744459 302.321393724659 1 0.5 21
554.65792780742 387.838313913782 1 0.5 21
267.264450958464 696.308841514967 1 0.5 21
15.9056948847137 971.168472878531 1 0.5 21
930.120044900104 -18.619942939109 1 0.5 21
865.153748285957 114.164852383431 1 0.5 21
575.697122828569 363.751915380892 1 0.5 21
382.106508233119 474.622727148854 1 0.5 21
882.761890732218 2.81477645133383 1 0.5 21
84.8142564180307 850.625279065647 1 0.5 21
951.284894463606 -11.6034674492477 1 0.5 21
669.981953175738 319.801679740624 1 0.5 21
880.832757859025 72.7212549701098 1 0.5 21
537.950100842863 376.750242178807 1 0.5 21
617.138454562519 347.515993314239 1 0.5 21
963.587063655723 -67.0173078777062 1 0.5 21
844.938291015569 62.9147556077311 1 0.5 21
-44.8058387846686 1021.97367247751 1 0.5 21
926.23083142098 -14.993985870112 1 0.5 21
80.8999806293286 807.84532699216 1 0.5 21
627.992616035044 332.950463158114 1 0.5 21
693.417289422359 247.969775178038 1 0.5 21
874.461904389318 101.203311101907 1 0.5 21
732.981838576961 236.468258495606 1 0.5 21
684.37596760923 283.779797484208 1 0.5 21
683.363596105482 270.091849945558 1 0.5 21
870.068364858162 72.403222430943 1 0.5 21
182.192977983505 719.070686430294 1 0.5 21
550.682753999718 441.199863105073 1 0.5 21
48.821430595126 895.846253447513 1 0.5 21
272.28468953399 690.956494123972 1 0.5 21
809.654351382051 145.90463576559 1 0.5 21
653.206225531176 275.070393130697 1 0.5 21
929.053985595237 -9.05523339159758 1 0.5 21
10.2608565473929 975.857640121381 1 0.5 21
245.31368202297 701.204271535115 1 0.5 21
355.18460344756 596.304044697659 1 0.5 21
363.828743784688 535.282582514472 1 0.5 21
955.710808956064 -84.9561591095482 1 0.5 21
183.937676646747 748.916298593422 1 0.5 21
325.176084158011 651.416261947478 1 0.5 21
160.140372696333 805.674866002822 1 0.5 21
525.912018318195 425.227151413094 1 0.5 21
934.293339692522 4.87457843279942 1 0.5 21
-7.50044478336349 975.609809492113 1 0.5 21
438.257547433022 481.486670229834 1 0.5 21
804.339602799155 151.190631384905 1 0.5 21
732.456577150151 235.014133993525 1 0.5 21
564.615412033163 414.48641486663 1 0.5 21
108.124637557194 799.095848636004 1 0.5 21
970.469968987163 -0.9475895410513 1 0.5 21
33.5169790429063 867.892358447759 1 0.5 21
305.221047939267 639.311826406025 1 0.5 21
420.387875987217 492.374672590928 1 0.5 21
488.770309684332 507.526618292349 1 0.5 21
85.7945201685652 822.770384749354 1 0.5 21
236.800468515139 698.66666483893 1 0.5 21
677.890058688354 281.059443565656 1 0.5 21
123.181536828633 771.468581327577 1 0.5 21
408.321253047325 574.681977324136 1 0.5 21
712.532302376349 221.603410680851 1 0.5 21
66.3765284465626 877.549422010567 1 0.5 21
103.944408311509 849.940485795487 1 0.5 21
476.211127138231 394.051318618832 1 0.5 21
460.615544184111 463.91887228534 1 0.5 21
88.3860919624567 838.924833907312 1 0.5 21
449.361638433766 502.678762055796 1 0.5 21
314.083245478105 651.887059425888 1 0.5 21
251.864593406208 694.976047380042 1 0.5 21
302.5947681861 629.630203769332 1 0.5 21
588.368801202159 281.253907121651 1 0.5 21
109.82588226907 833.116363020549 1 0.5 21
450.810074224137 523.19391410195 1 0.5 21
861.163110635243 129.779995336827 1 0.5 21
353.569420520216 548.964021315134 1 0.5 21
836.185042012949 128.696821951088 1 0.5 21
945.546789991204 42.0101264875896 1 0.5 21
489.200361177791 472.844463477291 1 0.5 21
437.581017869525 546.235322131736 1 0.5 21
443.874257046264 496.045168609851 1 0.5 21
9.58562097512186 932.730685778982 1 0.5 21
940.302792878356 67.7269098066204 1 0.5 21
335.532343573868 593.47635673101 1 0.5 21
320.030299096834 617.145775117493 1 0.5 21
290.756127529312 673.667427872602 1 0.5 21
591.550438618287 337.862235357244 1 0.5 21
792.96656306833 166.817046898221 1 0.5 21
641.139629483223 331.777738153045 1 0.5 21
590.310020779725 303.687142469399 1 0.5 21
353.147169400472 574.247261329737 1 0.5 21
988.235053524841 -60.0363454926981 1 0.5 21
470.877978112549 487.064817163892 1 0.5 21
319.223843573127 592.813667711205 1 0.5 21
837.271876318846 57.9237605899704 1 0.5 21
684.537232946604 211.160381699385 1 0.5 21
297.392703185324 650.357186564137 1 0.5 21
303.81430076668 600.323849715727 1 0.5 21
501.46897045197 468.407269775478 1 0.5 21
37.5859150197357 888.513903816105 1 0.5 21
568.024840066209 341.936535137797 1 0.5 21
508.37344067404 435.456783908237 1 0.5 21
557.065031409729 369.239429475502 1 0.5 21
793.408733780961 159.630037238023 1 0.5 21
-35.9613163396716 933.894957872927 1 0.5 21
656.574673426803 298.877814216955 1 0.5 21
101.118505047634 796.107531917654 1 0.5 21
293.970353819896 687.271729960137 1 0.5 21
854.358658380806 101.979070169826 1 0.5 21
905.710573086981 43.5753103818948 1 0.5 21
396.395418210886 607.572290992212 1 0.5 21
453.319616802037 455.906046497564 1 0.5 21
690.713017911185 230.855127455612 1 0.5 21
-17.3814343987033 982.993570426522 1 0.5 21
410.151201847475 522.312040049094 1 0.5 21
160.623046336696 811.242632639675 1 0.5 21
79.8862593946978 827.003738095515 1 0.5 21
711.517119687051 213.598026904887 1 0.5 21
760.974822903518 152.081217619279 1 0.5 21
393.000052461866 531.681597537636 1 0.5 21
23.0066984891891 947.393429060649 1 0.5 21
783.180118666496 146.015683449171 1 0.5 21
692.80797772808 252.200649576044 1 0.5 21
846.581596555188 129.546327185468 1 0.5 21
138.372909976169 825.732692073749 1 0.5 21
676.642280525994 205.262347603943 1 0.5 21
29.9611266003922 894.87528127551 1 0.5 21
660.556406422984 333.94392403206 1 0.5 21
989.412927802186 -1.58871059004686 1 0.5 21
652.840746229049 269.583577601376 1 0.5 21
949.2247777991 -14.9791250867411 1 0.5 21
535.771650110837 426.377104951913 1 0.5 21
763.098753406666 223.672641343088 1 0.5 21
400.061560119502 571.553383726788 1 0.5 21
994.978071877267 -40.8457015574025 1 0.5 21
684.637590730563 219.963846635606 1 0.5 21
-10.4465481708758 963.953455403961 1 0.5 21
307.13890575571 591.620221086772 1 0.5 21
278.925936319865 633.694981454242 1 0.5 21
489.487742865458 439.500561132614 1 0.5 21
900.656015507411 20.8919506686471 1 0.5 21
203.095843829215 812.016054435354 1 0.5 21
216.948896588292 723.559561806747 1 0.5 21
27.4625943158753 900.814921882723 1 0.5 21
151.324120035861 810.775527702218 1 0.5 21
951.996498205699 -28.450756294526 1 0.5 21
91.9025156879798 831.580956500174 1 0.5 21
690.162910043728 284.781883674092 1 0.5 21
127.503157779574 756.677672510611 1 0.5 21
277.841095929034 645.04154384854 1 0.5 21
392.31125137303 567.649654683416 1 0.5 21
624.581336369738 318.080682669588 1 0.5 21
-29.4871988007799 1025.07453766351 1 0.5 21
810.991993604694 164.263164347457 1 0.5 21
577.196739846841 348.585963567742 1 0.5 21
446.492712956388 506.328839524247 1 0.5 21
26.7775752115995 912.752331505654 1 0.5 21
338.092882558703 637.818172851687 1 0.5 21
673.436993849464 225.780263218031 1 0.5 21
62.0956710306928 845.988889747061 1 0.5 21
719.089066423476 214.150490481653 1 0.5 21
799.311917112209 168.224730388784 1 0.5 21
619.844321010169 320.067880652745 1 0.5 21
247.846292261966 688.432376032934 1 0.5 21
30.4728533141315 912.52200840814 1 0.5 21
39.6359437843785 906.554934948401 1 0.5 21
837.279045954347 94.0615116398935 1 0.5 21
85.1387695176527 872.566584533391 1 0.5 21
904.983138304669 95.8569946054893 1 0.5 21
363.106805470306 607.760385511427 1 0.5 21
568.402756890282 346.574891256418 1 0.5 21
990.161046886351 -98.1384675291015 1 0.5 21
860.007903084625 63.1906521536893 1 0.5 21
423.576407763176 564.820118825244 1 0.5 21
80.1302990992554 928.809186807754 1 0.5 21
159.562294767238 779.513834414823 1 0.5 21
641.129311779514 307.979215420887 1 0.5 21
474.935064034071 485.830584755003 1 0.5 21
681.977022043429 258.722124305643 1 0.5 21
707.836674689315 284.087143396856 1 0.5 21
542.884658521507 428.520951416704 1 0.5 21
607.368666050024 309.31064557299 1 0.5 21
539.357628615107 380.549227835284 1 0.5 21
214.950768044218 682.726380065253 1 0.5 21
475.477834313642 471.123802262202 1 0.5 21
926.67750408873 38.0776644961623 1 0.5 21
681.559953489341 250.298596800378 1 0.5 21
756.252789043356 114.608844669314 1 0.5 21
516.372266877443 489.782833587922 1 0.5 21
189.230142568704 756.42678698396 1 0.5 21
750.857163686305 181.326180621258 1 0.5 21
634.860345511697 293.682468485385 1 0.5 21
195.719511259813 733.090458906057 1 0.5 21
319.571065204218 690.67985903535 1 0.5 21
-33.3906923886389 922.800566291857 1 0.5 21
817.374607163947 200.158637622226 1 0.5 21
766.731917485595 178.770266888221 1 0.5 21
494.29005527636 419.998846620728 1 0.5 21
78.7125091184862 877.520633484713 1 0.5 21
610.694666730706 343.987256763247 1 0.5 21
465.746839379426 490.009673590751 1 0.5 21
9.94992949999869 913.411110995517 1 0.5 21
596.0714329849 365.711874688397 1 0.5 21
374.003140348941 577.533810919364 1 0.5 21
381.851977983024 590.660267181879 1 0.5 21
961.323967122007 12.8548958734885 1 0.5 21
896.561580593698 54.560698338334 1 0.5 21
49.8085517901927 866.77450196035 1 0.5 21
996.93149208324 -18.3449234504343 1 0.5 21
829.542041628156 110.408287150968 1 0.5 21
916.801864502486 25.6022007787872 1 0.5 21
148.675867368001 822.738260441015 1 0.5 21
-37.5118302647024 926.210534202884 1 0.5 21
571.60361201968 386.939057195074 1 0.5 21
213.311273581348 726.676485980293 1 0.5 21
273.361785290763 678.189846352741 1 0.5 21
789.757315453608 136.391904731871 1 0.5 21
465.501183224842 536.800173330006 1 0.5 21
495.522632647771 459.897067989286 1 0.5 21
643.854152935091 322.807533957816 1 0.5 21
753.236040775664 198.596634710926 1 0.5 21
924.167009780649 3.79278960564054 1 0.5 21
7.7223559957929 901.875021762649 1 0.5 21
948.40884457808 14.0078684030698 1 0.5 21
323.203619080596 609.517051452729 1 0.5 21
548.615778668318 373.127257118326 1 0.5 21
45.5699804821052 906.738788635598 1 0.5 21
267.756488372106 692.179745243844 1 0.5 21
-21.458826912567 951.168477118874 1 0.5 21
-34.2607581056654 964.874596285892 1 0.5 21
962.016069807578 18.5870583622378 1 0.5 21
683.799796563108 260.808443231954 1 0.5 21
874.548265407793 44.8508676041561 1 0.5 21
355.370868509635 584.309306065604 1 0.5 21
170.00071296934 690.218442303421 1 0.5 21
577.044224413112 362.920754250038 1 0.5 21
524.411296285689 412.898306958274 1 0.5 21
457.490725279786 517.360225676274 1 0.5 21
408.133365667891 554.931294345337 1 0.5 21
851.606765156612 135.373824051216 1 0.5 21
780.064955435228 216.678379756152 1 0.5 21
643.650389777031 359.645114781678 1 0.5 21
772.314640088007 253.973752976481 1 0.5 21
947.728966723662 -12.4057912613881 1 0.5 21
215.213018725626 744.793547210231 1 0.5 21
396.665167587344 579.305696296619 1 0.5 21
83.1290209665895 857.125065002099 1 0.5 21
118.23970292462 856.101317416827 1 0.5 21
436.853041825816 436.951377642783 1 0.5 21
704.905669169966 213.603802708524 1 0.5 21
-23.120091133751 923.411326179614 1 0.5 21
686.618962418288 288.728547017173 1 0.5 21
249.654781783465 694.379300437745 1 0.5 21
554.127651522867 447.015584375078 1 0.5 21
930.295258597471 1.39532538917221 1 0.5 21
812.509428488556 116.553725766105 1 0.5 21
40.3556992067024 873.875119741419 1 0.5 21
404.005429509562 521.224366411757 1 0.5 21
740.123370289803 218.584163423924 1 0.5 21
4.96825543232262 869.647439005903 1 0.5 21
453.627083345782 511.544932882577 1 0.5 21
881.608018488623 85.8763811299419 1 0.5 21
77.1168981445953 839.623186926193 1 0.5 21
317.332365282346 563.69549984561 1 0.5 21
726.885043305811 169.293597348858 1 0.5 21
111.844198103063 881.316993711465 1 0.5 21
972.137579950504 -88.1302244626269 1 0.5 21
-25.4802355426364 909.877913078461 1 0.5 21
794.653950363863 135.983230810972 1 0.5 21
197.501153824851 715.210974246409 1 0.5 21
505.351847212296 406.452853696892 1 0.5 21
433.656565193087 526.333464010891 1 0.5 21
701.947664876934 255.117112918391 1 0.5 21
829.821340821218 165.185998534225 1 0.5 21
371.967013005633 597.67641775838 1 0.5 21
985.692741652019 -21.2947717529436 1 0.5 21
119.163757143542 810.776733430922 1 0.5 21
558.69862602558 411.513490506458 1 0.5 21
707.900026720017 189.126745348838 1 0.5 21
-22.2880295943469 955.027813320139 1 0.5 21
645.330906426534 316.542308736327 1 0.5 21
102.223910437897 885.440364787896 1 0.5 21
770.385876856744 190.968778628741 1 0.5 21
514.994209492579 448.064116430555 1 0.5 21
660.797750088386 257.552729816572 1 0.5 21
310.472526634112 562.163772876578 1 0.5 21
991.344350157306 -30.9617404635055 1 0.5 21
-18.661680421792 911.013533246638 1 0.5 21
308.255971001927 730.589772053899 1 0.5 21
947.219251038041 -31.2547930275847 1 0.5 21
975.436386279762 -17.4236678691818 1 0.5 21
521.874680370092 398.71400710647 1 0.5 21
665.385659178719 205.89672119161 1 0.5 21
530.908286152408 434.903332989232 1 0.5 21
186.764243652578 700.845912395483 1 0.5 21
92.1948340022936 825.777870767636 1 0.5 21
788.222222588956 180.858778844589 1 0.5 21
474.067973298952 438.158773089358 1 0.5 21
780.772918253206 170.657188726674 1 0.5 21
110.284336539917 823.868989815896 1 0.5 21
563.042867742479 366.683870910916 1 0.5 21
631.508783553727 315.396063783907 1 0.5 21
892.356008139905 77.8135586099633 1 0.5 21
135.57820454007 732.292617195875 1 0.5 21
9.34628173708916 909.974293225526 1 0.5 21
427.41083111614 500.409869904223 1 0.5 21
818.375055270735 87.4444381532212 1 0.5 21
155.51813042257 781.64441306955 1 0.5 21
100.619116600137 815.635851909682 1 0.5 21
836.583712080028 157.356318825376 1 0.5 21
412.086566805374 513.836844813359 1 0.5 21
150.147264963016 804.258877453271 1 0.5 21
313.057096500415 568.045911845487 1 0.5 21
142.063858231995 801.226041397555 1 0.5 21
541.835268796422 331.191867221825 1 0.5 21
503.162830148358 390.24006718058 1 0.5 21
316.502514260355 678.240418608575 1 0.5 21
268.375680409372 675.237776020599 1 0.5 21
-49.4734604726546 1060.25830922168 1 0.5 21
955.58791157091 -32.4573789797788 1 0.5 21
916.323710419238 56.1064504361755 1 0.5 21
886.717953660991 42.172468852215 1 0.5 21
306.995365628973 651.014331326415 1 0.5 21
460.550924320705 461.266095556716 1 0.5 21
511.833629198372 453.822661225048 1 0.5 21
231.142271240242 671.38484103222 1 0.5 21
565.90771493502 402.78864090057 1 0.5 21
958.109142608009 -20.929550209227 1 0.5 21
732.523879117798 181.971804620171 1 0.5 21
867.742897116113 41.4875370968365 1 0.5 21
459.315825952217 437.922779767741 1 0.5 21
122.773055359721 866.612014493589 1 0.5 21
503.785577055532 437.415805870386 1 0.5 21
295.51936252974 705.514542362717 1 0.5 21
692.286657926161 224.76009688072 1 0.5 21
151.115241297521 843.293196622842 1 0.5 21
899.948626954574 79.2412420973755 1 0.5 21
4.31951942155138 965.313354141873 1 0.5 21
-22.1344570629299 989.047789578344 1 0.5 21
341.126371792052 576.815362450565 1 0.5 21
921.881734731141 18.2563559998417 1 0.5 21
693.876711803023 281.272889085107 1 0.5 21
937.776375364047 13.4714700530816 1 0.5 21
477.941283129621 409.656835015222 1 0.5 21
301.341374986805 577.596641388519 1 0.5 21
298.661282507237 640.47632984614 1 0.5 21
762.238168076146 186.000617761554 1 0.5 21
455.449461331591 494.712424228517 1 0.5 21
122.906765749212 830.706488953761 1 0.5 21
602.133454289287 326.413189464176 1 0.5 21
621.256237057969 279.998773410911 1 0.5 21
199.109697132371 711.505768460836 1 0.5 21
234.019363310654 686.259589457556 1 0.5 21
433.380335592665 531.096287308373 1 0.5 21
376.636168756522 594.859605810728 1 0.5 21
577.235906978603 313.788366987015 1 0.5 21
309.397937939502 609.380827770171 1 0.5 21
171.340967866126 775.191874164678 1 0.5 21
284.272533270996 590.443021242477 1 0.5 21
680.29086322058 298.706109332876 1 0.5 21
549.766685708892 349.868900304041 1 0.5 21
706.78851637058 273.002450542505 1 0.5 21
479.289527377114 446.386703433413 1 0.5 21
515.729513345286 398.244420187191 1 0.5 21
46.0984838544391 864.716637475093 1 0.5 21
590.988433756866 343.855394987985 1 0.5 21
390.158296888694 510.079308082728 1 0.5 21
415.296654670965 503.594966850446 1 0.5 21
160.575545148458 757.333259196696 1 0.5 21
165.689136157744 748.603177195769 1 0.5 21
863.531924271956 100.431149908349 1 0.5 21
517.21993747633 421.941571097251 1 0.5 21
281.498172564898 598.154182833838 1 0.5 21
305.446099245455 611.085083877503 1 0.5 21
266.606973845046 686.160019070066 1 0.5 21
538.50370417349 394.136127407144 1 0.5 21
367.003593186382 480.068925866575 1 0.5 21
345.540974312462 610.402156446631 1 0.5 21
530.860154470429 404.822826050583 1 0.5 21
1.67313060956076 916.59228982275 1 0.5 21
135.021536750719 808.460716565066 1 0.5 21
771.318668755703 151.865469306463 1 0.5 21
489.626805728767 411.329483012236 1 0.5 21
919.465084001422 77.3846851098313 1 0.5 21
66.5478745941073 890.095892597133 1 0.5 21
-17.5985572277568 973.55401244866 1 0.5 21
491.275020269677 441.029324811572 1 0.5 21
727.257380296942 244.718729012289 1 0.5 21
535.78854900552 402.272074496474 1 0.5 21
464.759055909235 506.285002564305 1 0.5 21
608.583211153746 309.692646068944 1 0.5 21
91.1767885438167 892.069087626125 1 0.5 21
110.017562878784 838.582011183446 1 0.5 21
43.8854388426989 899.853340972401 1 0.5 21
-49.6630425332114 1015.98917456444 1 0.5 21
318.760101613589 681.470393444762 1 0.5 21
552.95785338385 352.989721620414 1 0.5 21
118.639357481152 833.769726239472 1 0.5 21
915.430283674505 47.8429387961525 1 0.5 21
-20.9571035113186 1008.00147741419 1 0.5 21
-41.8501085718162 970.872138070265 1 0.5 21
714.062601386104 217.140572823117 1 0.5 21
170.188059820794 762.727803135433 1 0.5 21
331.878575624432 613.789036529408 1 0.5 21
-19.7235169587657 961.807069043097 1 0.5 21
828.812105162069 128.933022744655 1 0.5 21
295.640935609117 628.858123209426 1 0.5 21
783.925511396956 214.646850111123 1 0.5 21
426.566575060133 491.002142577743 1 0.5 21
303.173394710757 587.902091683243 1 0.5 21
145.542819041293 767.956859819926 1 0.5 21
965.655419277027 -108.288716968939 1 0.5 21
746.805779100396 203.095847269723 1 0.5 21
451.014123659115 460.043738902052 1 0.5 21
327.357074222527 642.611584809328 1 0.5 21
40.7440339680761 849.190576696406 1 0.5 21
445.890844950918 469.454597029241 1 0.5 21
707.975486968644 256.390093697008 1 0.5 21
498.078579711728 427.392455725674 1 0.5 21
40.7578767160885 933.496078984242 1 0.5 21
453.7884660298 508.016436168794 1 0.5 21
888.049250363838 1.64809322713723 1 0.5 21
818.927834241185 112.813766477828 1 0.5 21
209.313456760719 745.447214413491 1 0.5 21
716.438546520658 253.651692075893 1 0.5 21
414.046039897949 447.207635461084 1 0.5 21
733.44842325896 265.115164352604 1 0.5 21
237.453303835355 720.913608057135 1 0.5 21
344.232374650892 642.401537046514 1 0.5 21
277.766376920044 662.912675280503 1 0.5 21
647.134296502918 283.66651471676 1 0.5 21
930.544132250361 65.8459578361854 1 0.5 21
327.375803969335 559.479009088243 1 0.5 21
631.857095041778 373.035411384767 1 0.5 21
416.82854128303 542.374909608688 1 0.5 21
565.644402999897 431.759706088287 1 0.5 21
870.348514569923 75.0540639924042 1 0.5 21
593.862561357673 409.755335665398 1 0.5 21
-23.9509273786098 982.91189301781 1 0.5 21
36.6567293298431 890.413821845565 1 0.5 21
245.718550682068 653.693517668273 1 0.5 21
104.611710761674 843.1731459349 1 0.5 21
110.722897376399 833.330683016474 1 0.5 21
880.880806664936 16.620083598329 1 0.5 21
940.2397549944 88.4678932272109 1 0.5 21
236.249607917853 724.11543053764 1 0.5 21
241.639870533254 685.808275863337 1 0.5 21
159.732479427475 795.242054298704 1 0.5 21
757.837089512032 135.617246433131 1 0.5 21
466.456908325199 473.907400267922 1 0.5 21
969.371353811584 -50.0097054502008 1 0.5 21
74.3226601392962 834.518161917136 1 0.5 21
835.924943909049 118.03121790096 1 0.5 21
4.1717641055584 925.51058121035 1 0.5 21
48.3756893663667 865.001870685852 1 0.5 21
380.532607610803 624.392590888434 1 0.5 21
167.890195187647 745.286310731497 1 0.5 21
806.093685282394 134.465311759469 1 0.5 21
57.8974183183163 862.193676707447 1 0.5 21
18.4115786920302 918.691880542305 1 0.5 21
349.482921662275 661.798013952126 1 0.5 21
973.699981824029 -69.4660280185589 1 0.5 21
511.192567658145 374.723174314085 1 0.5 21
882.440074649639 53.5656062784015 1 0.5 21
940.948478609789 11.6038662961315 1 0.5 21
941.689139581285 -45.088734926441 1 0.5 21
565.71113045793 388.977547367618 1 0.5 21
702.348846651148 276.310327265219 1 0.5 21
486.776266270317 511.287067555328 1 0.5 21
342.130691849161 596.229151513307 1 0.5 21
601.560287806205 344.178961206484 1 0.5 21
762.850129848812 172.587117249106 1 0.5 21
530.589448474348 393.715412844292 1 0.5 21
296.020281373058 623.629829329084 1 0.5 21
280.001418071333 631.833226066523 1 0.5 21
769.927802495658 146.22642313159 1 0.5 21
214.398314466234 731.076078104983 1 0.5 21
287.307291070465 644.529386465716 1 0.5 21
771.035952575039 238.52946045003 1 0.5 21
213.473875203636 737.409023569445 1 0.5 21
129.354084248189 742.66592398891 1 0.5 21
650.519361172337 260.351298392983 1 0.5 21
921.662595495582 10.7507573348259 1 0.5 21
937.112851964775 50.7464830685724 1 0.5 21
227.8549766168 732.197351221068 1 0.5 21
847.01819330221 130.129247138337 1 0.5 21
794.405658310279 173.190953206297 1 0.5 21
622.203541314229 409.609843020111 1 0.5 21
45.1978380908258 855.808247667286 1 0.5 21
452.947528439108 490.928632116106 1 0.5 21
942.849953123368 43.7025654730837 1 0.5 21
590.903781843372 320.088649020465 1 0.5 21
541.452784498688 458.634374286837 1 0.5 21
222.983112849761 737.553115089207 1 0.5 21
434.436336578801 580.198420317612 1 0.5 21
616.955388663337 355.394035143982 1 0.5 21
666.993892251048 285.499468758815 1 0.5 21
327.152027585544 630.219281615748 1 0.5 21
387.711342610419 622.95924358168 1 0.5 21
469.759294949472 411.552469072401 1 0.5 21
148.297574790195 860.891165795004 1 0.5 21
-20.0078955502249 909.098961820479 1 0.5 21
446.603823604528 484.597686748784 1 0.5 21
776.354014489334 216.462056557888 1 0.5 21
226.270407962147 708.495419274332 1 0.5 21
978.16761842696 -28.0717372078198 1 0.5 21
-38.6476255021989 993.164267096641 1 0.5 21
27.415867371019 887.623372573072 1 0.5 21
438.854058808647 454.058600856721 1 0.5 21
511.652886518277 441.393225044456 1 0.5 21
320.870023861062 599.752807250992 1 0.5 21
539.550233329646 404.722320067071 1 0.5 21
194.104356935713 702.160531040088 1 0.5 21
201.308418519329 769.826919863967 1 0.5 21
896.920337888878 53.5137495258998 1 0.5 21
950.545258074999 -21.1059522755687 1 0.5 21
590.520148281939 358.780435528954 1 0.5 21
984.303136868402 -58.0801599789127 1 0.5 21
139.939027337823 828.773711008549 1 0.5 21
901.474551134743 40.8432653695678 1 0.5 21
153.272839286365 826.99688209246 1 0.5 21
481.885985925328 522.126960032375 1 0.5 21
625.385506812017 310.427584568684 1 0.5 21
400.019020494074 557.712506921728 1 0.5 21
372.481337969657 580.885711878861 1 0.5 21
703.028272720985 238.639282429868 1 0.5 21
-27.5357055244967 1020.53207650291 1 0.5 21
551.605286623817 397.763231583596 1 0.5 21
844.649752485566 166.867201302338 1 0.5 21
436.963305866811 476.539823937178 1 0.5 21
693.748054653406 282.420865244688 1 0.5 21
229.325268464163 684.314158463813 1 0.5 21
742.06668890547 116.527183059343 1 0.5 21
711.463786859531 207.194527321334 1 0.5 21
716.340486775152 164.030456661868 1 0.5 21
173.180708021391 805.755236362265 1 0.5 21
19.6760604158044 913.952796609589 1 0.5 21
706.159660348203 241.199378471689 1 0.5 21
807.58223895682 189.93341721168 1 0.5 21
535.55541789392 390.808077506107 1 0.5 21
351.209025038406 531.580755625964 1 0.5 21
199.782353523187 729.366257842954 1 0.5 21
966.976723179687 -46.7025769151096 1 0.5 21
320.232014800422 549.272330560528 1 0.5 21
210.968949238304 708.136471215338 1 0.5 21
837.402681889944 105.317422992091 1 0.5 21
849.367164843716 82.6613149974054 1 0.5 21
433.234568324406 506.764074235851 1 0.5 21
85.9120892826468 903.358784867775 1 0.5 21
37.1554220095277 913.535917489364 1 0.5 21
-14.0767653821968 976.836988372952 1 0.5 21
823.91894175671 112.212380168622 1 0.5 21
200.855869962834 778.381246642065 1 0.5 21
316.777754726354 643.950403085268 1 0.5 21
796.811228827573 89.7092484019037 1 0.5 21
12.0950271375477 898.430744658777 1 0.5 21
145.922247925773 778.718065287927 1 0.5 21
187.777356151491 773.69808343187 1 0.5 21
485.186504293233 461.560488422786 1 0.5 21
540.022349683568 421.642326564871 1 0.5 21
818.269063869957 168.743627121324 1 0.5 21
981.235351366922 -17.3659251584945 1 0.5 21
223.462823487353 733.928594180366 1 0.5 21
171.26771104522 759.131019087827 1 0.5 21
721.453828178346 185.302194183654 1 0.5 21
965.960092237219 -17.5431913399936 1 0.5 21
130.500703002326 814.263231028517 1 0.5 21
704.359387781005 226.608047147646 1 0.5 21
-13.2220490952022 944.172616913041 1 0.5 21
496.148720511701 479.894306014259 1 0.5 21
787.271346349735 231.266824087854 1 0.5 21
37.2406948823482 910.875493057474 1 0.5 21
958.953581040259 -82.2652652115699 1 0.5 21
333.816397283226 544.203277467236 1 0.5 21
532.243253604975 446.120936521073 1 0.5 21
591.428535745945 340.526661685494 1 0.5 21
721.235304523725 247.29690335677 1 0.5 21
820.992410078179 227.687368503285 1 0.5 21
547.142370534129 384.090890360016 1 0.5 21
323.617105872836 653.053102811556 1 0.5 21
562.724205350969 396.048096663198 1 0.5 21
78.0471824924462 823.423211804744 1 0.5 21
123.602073465008 792.964441672229 1 0.5 21
385.984351800289 557.459078152136 1 0.5 21
520.174679532647 443.925286227618 1 0.5 21
710.50287039252 207.676003552609 1 0.5 21
902.150398865342 -16.7749333201336 1 0.5 21
315.377679932863 653.448035401054 1 0.5 21
356.214334920514 558.619289983197 1 0.5 21
264.373019617051 667.026203400143 1 0.5 21
818.290797201917 97.6433046260973 1 0.5 21
217.741247534286 781.037073959821 1 0.5 21
925.4969384172 38.1282811852792 1 0.5 21
390.568355203141 605.967929715836 1 0.5 21
231.94494722411 731.447863527935 1 0.5 21
827.297585119959 108.685128873728 1 0.5 21
321.866191504523 671.633122597318 1 0.5 21
366.241979971528 617.157586362486 1 0.5 21
705.602827295661 264.261659104045 1 0.5 21
151.043267711066 837.633883381096 1 0.5 21
571.314919227734 406.184313522278 1 0.5 21
165.863530139904 790.674000584921 1 0.5 21
886.438649578486 35.1794425432851 1 0.5 21
311.746156262234 590.051419442958 1 0.5 21
470.189271634445 500.723494923753 1 0.5 21
627.030497253872 338.395053166522 1 0.5 21
7.06490259617567 835.079435899769 1 0.5 21
958.860196825117 -41.2362116058776 1 0.5 21
578.627826180309 312.508476820255 1 0.5 21
58.0838288413361 912.150392557542 1 0.5 21
86.0001435154118 810.457603564171 1 0.5 21
116.967357997783 867.637234216321 1 0.5 21
242.97111320775 743.512995335935 1 0.5 21
781.0370572377 183.88106872408 1 0.5 21
101.527217542753 822.759775599114 1 0.5 21
208.090782223735 703.572434664545 1 0.5 21
766.449715674389 186.187860881378 1 0.5 21
652.763375185896 292.484872971536 1 0.5 21
892.757504794281 55.705992817998 1 0.5 21
681.991551024839 230.009508294154 1 0.5 21
20.0200831284747 888.125665039761 1 0.5 21
337.373388477135 579.700200158003 1 0.5 21
138.165662356187 770.365930155414 1 0.5 21
382.321217632852 572.898765423242 1 0.5 21
583.319327421486 378.892896413618 1 0.5 21
-27.2854024427943 1021.9451270997 1 0.5 21
687.3052552226 302.580636713867 1 0.5 21
832.155235763639 105.580712418595 1 0.5 21
622.941884933971 256.236522336586 1 0.5 21
820.499913545791 149.478301189168 1 0.5 21
238.882432924584 703.700429986421 1 0.5 21
24.5809936895967 879.658612418941 1 0.5 21
59.2181543121114 858.14230236883 1 0.5 21
401.469982904382 495.162817136248 1 0.5 21
16.7922837426886 914.347478974668 1 0.5 21
676.736873900518 253.904335201376 1 0.5 21
882.702999585308 59.64671050863 1 0.5 21
189.033598429523 750.575890736485 1 0.5 21
364.195712166838 561.991887776543 1 0.5 21
717.653654888272 199.298886759491 1 0.5 21
2.27140316274017 934.182674230688 1 0.5 21
962.501588126179 -9.5671882560651 1 0.5 21
660.990216431674 354.845720783689 1 0.5 21
505.406430759467 456.659120602939 1 0.5 21
100.318313390017 942.215698114362 1 0.5 21
425.28453534469 512.855266163687 1 0.5 21
70.2603344456293 852.371968316976 1 0.5 21
194.809665274806 719.37409576686 1 0.5 21
730.651555466466 271.765493892139 1 0.5 21
971.677013929002 -40.1773222588234 1 0.5 21
355.43549497379 512.967760829956 1 0.5 21
835.170770226978 136.916008442427 1 0.5 21
899.333020101767 61.4228568260901 1 0.5 21
505.106652865652 393.634487666562 1 0.5 21
698.916154645849 282.596223484278 1 0.5 21
802.60191266425 66.5712394815624 1 0.5 21
620.591107476503 297.382829991976 1 0.5 21
614.179964503273 353.142628742286 1 0.5 21
379.172336310148 491.545208386133 1 0.5 21
369.93088175077 595.78994927345 1 0.5 21
555.928107933141 424.204655736091 1 0.5 21
999.789973464794 -72.4567069554914 1 0.5 21
-46.7554330010898 970.548185783244 1 0.5 21
937.600486190058 -38.3673494627005 1 0.5 21
714.2304545152 236.22643984815 1 0.5 21
49.4962488533929 872.80689959733 1 0.5 21
304.198366310447 611.119885102984 1 0.5 21
635.827952693217 302.649962781005 1 0.5 21
416.335904668085 461.537844214439 1 0.5 21
823.622942424845 129.448052380346 1 0.5 21
394.613959244452 541.313833069028 1 0.5 21
366.374022082891 570.639409566632 1 0.5 21
401.952755311504 494.396708632606 1 0.5 21
884.011035005096 60.9839501284186 1 0.5 21
226.662113505881 740.670934560511 1 0.5 21
63.6448931647465 807.766139128365 1 0.5 21
514.490010566078 388.00106869166 1 0.5 21
98.4023546334356 782.020263048458 1 0.5 21
238.583866145927 686.740270721662 1 0.5 21
938.165412982926 31.8638243933731 1 0.5 21
331.080071802717 597.836884456378 1 0.5 21
934.58956858376 17.911683461643 1 0.5 21
246.989438554738 714.010023868721 1 0.5 21
47.6368599804118 836.394651812476 1 0.5 21
758.112974651158 197.686412460377 1 0.5 21
156.188722245861 806.878998433425 1 0.5 21
960.854021681007 7.78254010858075 1 0.5 21
709.105375269428 245.047812943615 1 0.5 21
885.207985201851 74.2919711148832 1 0.5 21
105.357639619615 823.894285420005 1 0.5 21
544.897905958351 405.55033758589 1 0.5 21
932.773502136115 -55.9557667151287 1 0.5 21
389.789978042245 611.557581417474 1 0.5 21
506.572273827624 439.322025591584 1 0.5 21
572.477382712532 395.959147279656 1 0.5 21
701.139210548718 239.354321201073 1 0.5 21
765.123555820901 185.981766507757 1 0.5 21
340.561867936049 621.576628879449 1 0.5 21
883.841525577009 78.035151509809 1 0.5 21
324.706572410651 670.985235860968 1 0.5 21
636.970816110261 287.198561883113 1 0.5 21
531.614491459914 343.829193706544 1 0.5 21
495.487579249311 443.352788629512 1 0.5 21
271.789461269509 654.717500431999 1 0.5 21
454.009888879955 483.229761650216 1 0.5 21
733.301233162638 252.669412331875 1 0.5 21
543.663128337357 378.379437965258 1 0.5 21
-33.9297254220583 997.903274324731 1 0.5 21
531.534686451778 417.632542661928 1 0.5 21
893.534059170634 116.46634070876 1 0.5 21
983.016147324815 1.2649528380346 1 0.5 21
254.592763050459 717.316877493011 1 0.5 21
483.916800154839 495.015663260731 1 0.5 21
67.1886980184354 864.490628855127 1 0.5 21
685.205368069001 308.609557685648 1 0.5 21
586.069093493279 369.243792517373 1 0.5 21
469.252729043365 499.502858848689 1 0.5 21
799.759662034921 215.756258945816 1 0.5 21
861.79922161391 12.7209433187032 1 0.5 21
195.483371184673 758.96894754518 1 0.5 21
760.252850363031 131.621569249783 1 0.5 21
713.310369302053 275.334107625783 1 0.5 21
111.223834799603 862.347593592474 1 0.5 21
779.592551582027 185.161310379286 1 0.5 21
525.335593265481 425.520548937256 1 0.5 21
251.497401087545 778.620766101445 1 0.5 21
297.507005417719 671.185016718955 1 0.5 21
985.851117083803 -51.5636547886423 1 0.5 21
514.187351812143 488.555909412757 1 0.5 21
-21.1647227290086 984.615117461606 1 0.5 21
248.982059874106 691.664826520324 1 0.5 21
621.298278204631 297.280970027679 1 0.5 21
682.358678558376 283.393282844743 1 0.5 21
911.237978970166 48.2954810904402 1 0.5 21
838.1877949927 111.439468294596 1 0.5 21
901.146444538608 60.2481196635341 1 0.5 21
831.250802148134 119.903183293682 1 0.5 21
426.693845074624 533.94382649104 1 0.5 21
378.487511805724 527.380036318829 1 0.5 21
347.397200937849 603.124134056589 1 0.5 21
477.020219294354 491.808985656906 1 0.5 21
384.736722765956 492.199911321727 1 0.5 21
474.294643988833 466.644601016206 1 0.5 21
861.152759438846 101.791928129624 1 0.5 21
934.169127291534 1.26251061395922 1 0.5 21
-34.0311234351248 905.972342247977 1 0.5 21
144.685986603145 751.770702025676 1 0.5 21
826.343309006188 109.699238138213 1 0.5 21
235.420020436868 712.818576655958 1 0.5 21
24.4999335613102 902.250554623663 1 0.5 21
73.1040218379349 875.987223251516 1 0.5 21
947.04351441469 -68.2015548753101 1 0.5 21
625.054865528364 383.34289789593 1 0.5 21
460.266372154001 470.665354867588 1 0.5 21
-2.48300419189036 902.973872109297 1 0.5 21
990.683776070364 -57.7326319304169 1 0.5 21
193.424395471811 722.27077612597 1 0.5 21
93.156333535444 850.197941163945 1 0.5 21
581.231862143613 355.383169474699 1 0.5 21
839.405942393932 68.1554736733748 1 0.5 21
929.327342403121 21.5706420296461 1 0.5 21
202.388439630158 693.486803626576 1 0.5 21
-17.2432115417905 987.595121594897 1 0.5 21
857.928494876251 90.6104926643681 1 0.5 21
732.060442259535 247.637913272634 1 0.5 21
-5.80032782163471 955.711308607031 1 0.5 21
448.375354311429 547.666132656526 1 0.5 21
934.117641206831 19.6528027631012 1 0.5 21
70.1611921773292 860.523185360987 1 0.5 21
510.662250302266 428.321713146644 1 0.5 21
649.483642575797 257.139999113923 1 0.5 21
65.6603330280632 921.276735369677 1 0.5 21
438.795064983424 502.748172313172 1 0.5 21
965.045073465444 19.5751848419392 1 0.5 21
335.559587797616 635.170095593435 1 0.5 21
125.56436532177 787.635822036484 1 0.5 21
508.230863278732 472.246453298769 1 0.5 21
351.147592114285 595.170955668185 1 0.5 21
43.4519547154196 897.543643881524 1 0.5 21
186.200566601474 720.877003004174 1 0.5 21
-22.1764644724317 996.125378549123 1 0.5 21
120.321836997755 825.865376671795 1 0.5 21
318.940742837731 644.702716012002 1 0.5 21
36.8402990861796 857.870425889556 1 0.5 21
446.659286518116 542.68987296936 1 0.5 21
159.949084953405 834.668225658088 1 0.5 21
279.022959503345 596.654131124013 1 0.5 21
323.9925195463 580.768093011549 1 0.5 21
736.314455408137 252.178426477699 1 0.5 21
153.24145052582 809.33972716118 1 0.5 21
978.510353993624 -27.7330242627621 1 0.5 21
410.858544684015 525.441557306265 1 0.5 21
940.577515552286 -56.8598810602247 1 0.5 21
-1.20125515386462 901.955478742326 1 0.5 21
684.197494119871 243.146569012459 1 0.5 21
749.016778124496 126.966299961982 1 0.5 21
91.0086594056338 878.338028189534 1 0.5 21
350.135789741762 598.558122382277 1 0.5 21
842.25803889567 113.933728071339 1 0.5 21
828.284764743876 83.5080924567758 1 0.5 21
606.1298355693 361.918170791711 1 0.5 21
987.853389431257 -10.1503387623909 1 0.5 21
21.6757396468893 926.061761947594 1 0.5 21
246.147042687517 702.693050906265 1 0.5 21
444.367291906383 573.735794315518 1 0.5 21
174.455400614534 710.208806117749 1 0.5 21
492.038004728965 480.631947092187 1 0.5 21
917.958568467293 54.7344008980157 1 0.5 21
421.597361983731 512.06271383191 1 0.5 21
991.218277812004 -121.741347249032 1 0.5 21
256.35541966185 714.523653437871 1 0.5 21
918.454121146351 45.5045947782694 1 0.5 21
975.850262027234 -60.3914209128167 1 0.5 21
869.769563141745 11.8715850407761 1 0.5 21
-42.4631875823252 980.457519167546 1 0.5 21
432.873607357033 525.685924190917 1 0.5 21
921.068888215814 69.8333329448114 1 0.5 21
21.2707392172888 970.693292740487 1 0.5 21
376.413734036032 601.239447765164 1 0.5 21
6.55671412823722 924.068373124143 1 0.5 21
35.3901397669688 851.160211934427 1 0.5 21
-37.5923056155443 948.610550891864 1 0.5 21
317.011975939386 569.449651089959 1 0.5 21
407.142315316014 563.336360330803 1 0.5 21
462.577690090984 469.672109678472 1 0.5 21
574.280580633786 345.338417668041 1 0.5 21
506.437413685489 407.186031808952 1 0.5 21
407.286465156358 555.320948182695 1 0.5 21
91.476872516796 860.667821541893 1 0.5 21
835.277201922145 156.416314849756 1 0.5 21
619.082211516798 229.603154294153 1 0.5 21
252.827670029365 655.607665707183 1 0.5 21
637.648259755224 257.888413932459 1 0.5 21
968.688062636647 -47.1201282409768 1 0.5 21
979.333797644358 -28.6647322302113 1 0.5 21
135.006760118995 780.656747200915 1 0.5 21
555.683106230572 408.772292123066 1 0.5 21
395.000802725554 575.69951134928 1 0.5 21
54.2397852637805 867.051787448341 1 0.5 21
870.275305665564 92.1740867150908 1 0.5 21
173.951331502758 770.777523546597 1 0.5 21
708.617748622783 245.484554437115 1 0.5 21
621.364230196923 338.236115975545 1 0.5 21
245.546357682906 762.600043830122 1 0.5 21
836.039342463482 89.5937840717616 1 0.5 21
890.331647975836 43.9188412043175 1 0.5 21
704.372600524221 225.356966650107 1 0.5 21
538.010870025028 395.670214738263 1 0.5 21
822.347294923384 125.39665905578 1 0.5 21
256.03351581376 639.073789145594 1 0.5 21
469.060598604847 464.98962874242 1 0.5 21
178.623793739825 703.657776779677 1 0.5 21
23.0850970488973 932.923239945432 1 0.5 21
116.086751129478 874.427177138738 1 0.5 21
393.713788734749 535.054638913156 1 0.5 21
826.103009725921 135.489428917348 1 0.5 21
716.02285214467 175.565120322894 1 0.5 21
841.337151569314 131.854381688415 1 0.5 21
665.163286798634 272.83166787504 1 0.5 21
630.003736319486 287.270167158833 1 0.5 21
256.904379243497 716.160349159603 1 0.5 21
484.787018911447 435.089445614977 1 0.5 21
79.174469364807 883.02109203568 1 0.5 21
434.671819023788 478.375482607174 1 0.5 21
44.2003060481511 887.922785945133 1 0.5 21
372.488764545415 564.347260262521 1 0.5 21
133.700424025301 812.675985163217 1 0.5 21
27.7291672653519 862.431399053882 1 0.5 21
950.949541467708 33.7562377691998 1 0.5 21
525.523606303614 363.536238079947 1 0.5 21
184.434198657982 781.52230305082 1 0.5 21
589.205209701322 347.724758881213 1 0.5 21
873.455122497398 147.839823949389 1 0.5 21
512.394022010267 469.452481789785 1 0.5 21
653.566642303485 318.120428899897 1 0.5 21
860.981458518654 112.844204529331 1 0.5 21
-3.98411909118295 910.386348206779 1 0.5 21
89.4792444072664 848.42670756523 1 0.5 21
601.102626603097 365.961741774366 1 0.5 21
163.691018125974 807.291464339373 1 0.5 21
726.579317892902 182.512400578631 1 0.5 21
273.825321404729 682.53672514071 1 0.5 21
427.206126251258 570.123945607167 1 0.5 21
461.420266644564 469.943536821367 1 0.5 21
279.024352750275 690.382527802974 1 0.5 21
497.359584597871 452.294726006049 1 0.5 21
669.453934102785 273.034619957842 1 0.5 21
711.342714214697 219.37472959815 1 0.5 21
826.003932976164 158.148030099762 1 0.5 21
608.579095464665 398.549635467083 1 0.5 21
907.29443008313 56.3028417287436 1 0.5 21
618.151447270066 357.826802712556 1 0.5 21
597.914966370445 358.822204255095 1 0.5 21
418.50764072733 514.144534373459 1 0.5 21
55.3664396866225 900.631383878079 1 0.5 21
824.919007753488 90.6055955037119 1 0.5 21
33.1553604453802 948.559049375002 1 0.5 21
274.200370570179 676.984402430268 1 0.5 21
485.706260206643 394.828118559177 1 0.5 21
-23.7568859010935 1016.60868759839 1 0.5 21
658.508735592477 308.314724368936 1 0.5 21
146.143392322119 780.692863669821 1 0.5 21
675.154717941768 217.856641344679 1 0.5 21
882.619305758271 75.7651851827704 1 0.5 21
684.020914311986 222.11614341762 1 0.5 21
335.510514164343 623.203309480084 1 0.5 21
87.9795476910658 835.436256947045 1 0.5 21
173.504391871393 717.829341302632 1 0.5 21
996.976719191298 -72.2855943812684 1 0.5 21
734.014114271849 280.945964745459 1 0.5 21
835.328040155582 50.9903337348774 1 0.5 21
203.716936148703 700.270462407571 1 0.5 21
448.672952246852 417.186934207257 1 0.5 21
579.307558573782 378.906241281182 1 0.5 21
273.273332568351 639.527856972617 1 0.5 21
17.3321325797588 847.953491551383 1 0.5 21
143.05373193929 761.642911201434 1 0.5 21
220.326090964954 765.250225812005 1 0.5 21
41.3540827459656 869.373450708493 1 0.5 21
503.099960950203 454.772448247848 1 0.5 21
753.403085190803 172.176719884391 1 0.5 21
192.903503740672 756.974437501056 1 0.5 21
732.447000930551 203.601777958251 1 0.5 21
575.850186368916 336.438581933686 1 0.5 21
-43.0958238779567 960.494614384669 1 0.5 21
170.068873278797 708.176120315262 1 0.5 21
677.969608956482 271.968376785486 1 0.5 21
335.772556310985 644.022837117614 1 0.5 21
954.839322366752 -23.1382258441593 1 0.5 21
42.6725346362218 934.125985985167 1 0.5 21
169.400006695651 762.049972777066 1 0.5 21
358.756162738428 604.877196874955 1 0.5 21
591.757835855242 353.386582169379 1 0.5 21
320.854110189248 633.159466705523 1 0.5 21
638.491218641866 329.274817760631 1 0.5 21
756.629298930056 171.384229430845 1 0.5 21
839.725831791293 84.6042494155447 1 0.5 21
931.685651559383 40.986562367044 1 0.5 21
257.561048131902 683.88768829904 1 0.5 21
537.681093194988 378.199043258465 1 0.5 21
748.053844762035 200.530880480882 1 0.5 21
481.13706986187 438.148566897743 1 0.5 21
702.1224111435 252.788260677841 1 0.5 21
377.371890901122 634.435052319931 1 0.5 21
152.328263584059 749.551582558943 1 0.5 21
487.756460590754 470.182296148582 1 0.5 21
273.80548811052 639.507133609954 1 0.5 21
350.506557710469 581.425589423534 1 0.5 21
498.741088306997 447.487765068567 1 0.5 21
776.956349925604 176.079052421359 1 0.5 21
754.504921042826 171.931732647282 1 0.5 21
337.769523123279 600.983706543371 1 0.5 21
962.511786282994 -10.9412885462741 1 0.5 21
501.08118110802 462.797266171353 1 0.5 21
683.88399106916 304.043674440182 1 0.5 21
80.2087221061811 882.29968844791 1 0.5 21
13.1802342366427 922.063304492336 1 0.5 21
714.396738621872 217.988273616856 1 0.5 21
767.125491041224 212.851987485018 1 0.5 21
709.528458572458 259.197836134916 1 0.5 21
356.692622730043 573.755936409472 1 0.5 21
776.469894300681 201.982722619692 1 0.5 21
959.10186417168 -66.3662116252783 1 0.5 21
276.332891825587 668.949292180315 1 0.5 21
642.769736703485 292.326907796657 1 0.5 21
105.296222586185 873.487004988451 1 0.5 21
748.709671199322 200.517841277053 1 0.5 21
471.846010675654 443.312759555338 1 0.5 21
881.690586032346 29.8880321219592 1 0.5 21
325.498589407653 593.630074985481 1 0.5 21
505.189158557914 443.653844979383 1 0.5 21
837.474337418098 113.536596229045 1 0.5 21
439.27736482583 517.07312687434 1 0.5 21
33.6643493152224 838.426170769532 1 0.5 21
827.016413758975 53.3042483486916 1 0.5 21
107.569570082705 814.316860306805 1 0.5 21
949.922768108081 42.6855455869006 1 0.5 21
700.109987333417 237.382102910585 1 0.5 21
589.698189555202 372.926320632993 1 0.5 21
49.8304012464359 827.140850756672 1 0.5 21
-12.5331230810843 933.453091167979 1 0.5 21
143.167599011213 778.162311855397 1 0.5 21
688.629231695086 230.550948225391 1 0.5 21
-23.616027389653 1056.73114108979 1 0.5 21
647.74073882727 288.657360552154 1 0.5 21
-29.1873480542563 939.844909743936 1 0.5 21
253.298913128674 696.946640202381 1 0.5 21
494.650858070236 509.414818336433 1 0.5 21
300.222096045036 577.529029077286 1 0.5 21
247.339844924863 730.174065821041 1 0.5 21
447.232717031147 525.05651182637 1 0.5 21
499.538690270856 431.224893946018 1 0.5 21
66.7270939680748 910.21919628419 1 0.5 21
235.582707379945 691.638927412345 1 0.5 21
426.828425296117 595.374760323458 1 0.5 21
543.216974439565 324.324199637256 1 0.5 21
669.692874851171 254.919880520673 1 0.5 21
650.953740556724 263.75614720984 1 0.5 21
650.581536802929 269.294655353059 1 0.5 21
26.2065070332028 841.693467336026 1 0.5 21
648.329426359851 211.801227670057 1 0.5 21
526.975777628832 381.388215663373 1 0.5 21
68.5155399492942 926.279022661898 1 0.5 21
495.444601774216 464.023888915864 1 0.5 21
728.578999568708 192.222477529157 1 0.5 21
918.672907853033 18.6764573478163 1 0.5 21
425.002385117114 553.331056999683 1 0.5 21
7.97802915330976 905.736746999151 1 0.5 21
668.991688557435 322.869979274061 1 0.5 21
666.204828233458 207.880512315137 1 0.5 21
903.921158507001 53.5570692103233 1 0.5 21
933.079173276201 66.3457856861447 1 0.5 21
394.035337364767 616.798841340811 1 0.5 21
587.468808423728 318.788525731584 1 0.5 21
395.410026411992 533.80428939907 1 0.5 21
960.416782950051 -38.6901192989327 1 0.5 21
494.967718457337 492.275810026719 1 0.5 21
469.155272410717 539.904029416967 1 0.5 21
532.566232397221 442.891319640152 1 0.5 21
989.037208538502 -45.7990405588365 1 0.5 21
120.437961770222 854.974993200191 1 0.5 21
149.960627569817 830.620777846199 1 0.5 21
539.872992341407 383.045598579098 1 0.5 21
338.496527634561 608.754063955705 1 0.5 21
711.995947291143 173.013889649167 1 0.5 21
519.137598492671 425.723441655609 1 0.5 21
173.959335032851 751.509849525859 1 0.5 21
326.110369293019 567.340846622754 1 0.5 21
358.317225170322 572.388422144932 1 0.5 21
733.168163045775 246.721631453141 1 0.5 21
489.292995107826 460.742815890307 1 0.5 21
883.294619072694 75.8206429848527 1 0.5 21
918.700864468701 12.1728651416928 1 0.5 21
767.985042987857 209.508022965668 1 0.5 21
537.459734152071 356.480532868895 1 0.5 21
842.933208704926 104.23509738163 1 0.5 21
723.583181807771 279.926419523812 1 0.5 21
411.169219680596 513.778493839517 1 0.5 21
287.742546398658 614.124985147974 1 0.5 21
470.406304986682 516.401160258587 1 0.5 21
365.430957707576 561.948343309566 1 0.5 21
423.011172690894 478.921578068296 1 0.5 21
564.60449610604 403.27890590441 1 0.5 21
583.303964301012 372.59053113082 1 0.5 21
31.1804227763787 859.353114459162 1 0.5 21
140.678678883705 835.308224205297 1 0.5 21
317.941324692219 645.69136426955 1 0.5 21
340.284304739907 628.293408077973 1 0.5 21
315.935335634276 604.835677308847 1 0.5 21
83.1561605562456 852.471402585422 1 0.5 21
-4.78519109310582 955.67705852829 1 0.5 21
-42.565707967151 1008.51793387178 1 0.5 21
933.001922268886 20.0200343096661 1 0.5 21
861.945142655168 42.1199353966263 1 0.5 21
289.339728595223 632.537301152929 1 0.5 21
553.711388993543 404.027015993602 1 0.5 21
650.343903980684 220.014896253872 1 0.5 21
827.452011348214 77.8380399552221 1 0.5 21
168.251745332964 810.842565166272 1 0.5 21
821.692717249971 87.3187946550289 1 0.5 21
578.099845245015 328.533175066394 1 0.5 21
416.117040463723 581.680677328356 1 0.5 21
832.567693328019 129.072462444378 1 0.5 21
845.73837290518 140.598092776532 1 0.5 21
913.85824715253 24.5210681018892 1 0.5 21
664.978454343509 298.654886697089 1 0.5 21
343.303591117729 663.026383404646 1 0.5 21
458.996681950521 456.059860435403 1 0.5 21
-33.2761136582121 931.561315428714 1 0.5 21
610.765135101974 384.876259155805 1 0.5 21
319.731636974029 600.575111400411 1 0.5 21
282.795835274737 689.723323290866 1 0.5 21
0.890318234451115 919.949317741596 1 0.5 21
71.7864048201591 884.443503195038 1 0.5 21
528.457263857126 431.910837012964 1 0.5 21
496.189125650562 460.741016463511 1 0.5 21
164.032938377932 748.859543819154 1 0.5 21
853.418838395737 104.708473731142 1 0.5 21
175.699760077987 753.332952818262 1 0.5 21
14.5094622159377 908.69932830819 1 0.5 21
783.658038056456 133.367453401798 1 0.5 21
915.454516245518 44.3359666129027 1 0.5 21
843.225565890316 96.2491124100482 1 0.5 21
517.098502523731 476.63428804785 1 0.5 21
688.445227267221 247.173236840105 1 0.5 21
94.5126541657373 827.377374742656 1 0.5 21
963.140267285053 -22.8226059853439 1 0.5 21
730.46900149202 194.059070023379 1 0.5 21
101.854288310278 862.202096503615 1 0.5 21
691.53900896199 275.562381767732 1 0.5 21
738.168122898787 233.33426257334 1 0.5 21
-12.9379599587992 926.517079875772 1 0.5 21
563.271548971534 391.545567090798 1 0.5 21
136.904431623407 891.596251423046 1 0.5 21
762.592997925822 199.77691143004 1 0.5 21
489.485264406539 468.922457181813 1 0.5 21
415.937918878626 557.150129947858 1 0.5 21
236.059181205928 674.989568422318 1 0.5 21
350.830448628403 630.947223161913 1 0.5 21
534.010036662221 477.211526165711 1 0.5 21
854.139988776296 49.6557119564399 1 0.5 21
475.904408190399 529.60510109261 1 0.5 21
950.83413568791 48.4096960637347 1 0.5 21
822.539283079095 112.073902793155 1 0.5 21
317.144274746533 608.950926345429 1 0.5 21
969.010935572442 -17.1524772677547 1 0.5 21
342.384289193433 598.639192358431 1 0.5 21
288.321158743929 617.999933620051 1 0.5 21
669.190163048916 248.6489474192 1 0.5 21
708.546975394711 230.021649857311 1 0.5 21
146.115248196293 842.966372251161 1 0.5 21
983.772451337427 -74.1435085460919 1 0.5 21
800.249241769779 146.84401144857 1 0.5 21
984.233103168663 -39.9781653700347 1 0.5 21
-5.39993080310524 929.87426525909 1 0.5 21
170.776457409374 754.549904218276 1 0.5 21
512.831708369777 410.738597766475 1 0.5 21
74.0371941355988 846.259196495031 1 0.5 21
357.709158817306 583.822881317342 1 0.5 21
702.381854306441 266.437209519407 1 0.5 21
183.996680495329 715.74571609329 1 0.5 21
371.840088185854 526.635276529784 1 0.5 21
508.891532709822 348.199057751346 1 0.5 21
181.954870396294 756.044397418412 1 0.5 21
583.728564553894 322.908762300011 1 0.5 21
567.966461577453 339.289457583508 1 0.5 21
39.2742266645655 942.574980641835 1 0.5 21
833.065232587978 160.968680481502 1 0.5 21
815.450394782238 126.854180166898 1 0.5 21
442.306717589963 534.828592211407 1 0.5 21
-8.60675423173234 910.200938856423 1 0.5 21
443.806193303317 524.031956808161 1 0.5 21
395.367137191352 594.581235063894 1 0.5 21
533.350022905506 387.632895286015 1 0.5 21
-20.556984457653 945.031858076709 1 0.5 21
676.498505705968 225.395657486303 1 0.5 21
433.484706142917 511.460420873162 1 0.5 21
887.310455203988 54.5934608055781 1 0.5 21
493.904096295591 437.024733184508 1 0.5 21
67.4414512002841 881.054917924619 1 0.5 21
973.672405118123 -93.031025061653 1 0.5 21
635.806259943638 264.513856470012 1 0.5 21
566.077526530717 416.844186648068 1 0.5 21
741.587742732372 202.804464546003 1 0.5 21
875.278098706622 50.2079345641138 1 0.5 21
629.459936078638 261.399731582649 1 0.5 21
164.321950206067 754.115546617322 1 0.5 21
94.309938326478 813.545085865291 1 0.5 21
216.004592005629 682.426549328627 1 0.5 21
126.218214712571 741.623856198213 1 0.5 21
915.851530747022 97.1721753876298 1 0.5 21
764.589611964766 166.042028461173 1 0.5 21
120.75967786368 788.633220753678 1 0.5 21
890.640560328029 34.8315861021761 1 0.5 21
166.47127403412 759.318003536289 1 0.5 21
123.73443901306 837.561013173314 1 0.5 21
617.530689877458 372.637945647701 1 0.5 21
308.111698436551 609.42429849614 1 0.5 21
124.008522636723 818.754557287809 1 0.5 21
253.348439524416 678.266502083653 1 0.5 21
297.945332783274 712.260402735229 1 0.5 21
366.600073280279 566.854094911058 1 0.5 21
464.623929536901 439.179821450683 1 0.5 21
93.9508874202147 844.811673903462 1 0.5 21
747.079511417542 206.564544399679 1 0.5 21
458.826105156913 488.019399899005 1 0.5 21
14.2565115005709 918.5409684559 1 0.5 21
265.422888263129 689.749083582203 1 0.5 21
164.772363542579 755.321124335127 1 0.5 21
-6.75308625213802 934.950932271292 1 0.5 21
156.487549387384 753.521296069521 1 0.5 21
977.37858252367 -32.2699054185545 1 0.5 21
-36.3026630599052 940.147604837698 1 0.5 21
366.606209042948 595.505256748889 1 0.5 21
479.668158304412 425.455724951036 1 0.5 21
27.9267565230839 895.457073565554 1 0.5 21
404.62211399572 558.120359201934 1 0.5 21
983.321716764476 -56.0952036387086 1 0.5 21
509.885860211216 435.663911832631 1 0.5 21
860.596244444605 85.8513466693634 1 0.5 21
607.361856277566 350.260679444419 1 0.5 21
673.93872825196 281.052464431669 1 0.5 21
536.804281512741 368.426903141091 1 0.5 21
265.871013584547 678.29294388611 1 0.5 21
526.354669663124 385.726403455765 1 0.5 21
829.232323006727 108.691692633246 1 0.5 21
183.159257925581 703.341999762519 1 0.5 21
311.804482433945 678.277916431398 1 0.5 21
598.040198953822 381.051427908145 1 0.5 21
433.363266545348 469.653628245002 1 0.5 21
52.2815186413936 846.050547087911 1 0.5 21
89.1657567583025 829.946909687983 1 0.5 21
554.687183792703 386.071771009328 1 0.5 21
866.800575936213 78.6475114540203 1 0.5 21
493.472712673247 467.709990354332 1 0.5 21
134.400170866866 798.165632365924 1 0.5 21
186.962971417233 776.127945467318 1 0.5 21
112.010216224007 835.955588128812 1 0.5 21
791.304425837006 174.021853847227 1 0.5 21
308.933602645993 642.456511490913 1 0.5 21
390.901324595325 513.814023666114 1 0.5 21
874.334067688324 44.6682376028922 1 0.5 21
332.230905257165 623.076918674392 1 0.5 21
74.332354683429 850.30421886863 1 0.5 21
675.124997703824 283.829334134827 1 0.5 21
384.713548026048 569.386964523276 1 0.5 21
954.121186817065 1.10058676639595 1 0.5 21
770.495964388829 150.648268493972 1 0.5 21
1.24799471814185 901.644968011922 1 0.5 21
251.75921660848 681.718656598608 1 0.5 21
461.755444598384 468.220277707062 1 0.5 21
-37.7862226567231 1011.08632508072 1 0.5 21
613.690223172307 348.936525784434 1 0.5 21
493.637881497853 409.081938122472 1 0.5 21
533.300382830203 407.656680504074 1 0.5 21
153.106222697534 820.385734055786 1 0.5 21
237.477143784054 668.05877933019 1 0.5 21
545.161542063579 403.695364798893 1 0.5 21
945.741619647015 32.1108901161439 1 0.5 21
99.5150074013509 862.640661676835 1 0.5 21
45.5804688273929 909.195454167894 1 0.5 21
731.370052590501 218.482722536126 1 0.5 21
685.438936541323 261.814952621302 1 0.5 21
96.4014965575188 829.41032603986 1 0.5 21
120.040611852892 765.050905447174 1 0.5 21
525.635846902151 393.120553515261 1 0.5 21
467.491993983276 465.15817933937 1 0.5 21
40.6838847673498 897.994703998861 1 0.5 21
364.009250549134 601.458763946956 1 0.5 21
403.026231413241 510.802676116857 1 0.5 21
468.737034057267 495.908821923588 1 0.5 21
405.19109047018 586.829468813149 1 0.5 21
364.647812116891 591.856065502251 1 0.5 21
645.227216731291 300.724095359904 1 0.5 21
311.146056768484 660.398195338456 1 0.5 21
590.96977612935 456.124375987685 1 0.5 21
-14.5501544582658 918.203432723417 1 0.5 21
57.9869203153066 904.969424468186 1 0.5 21
239.435900817625 720.453138948488 1 0.5 21
936.732884997036 -2.29995499463629 1 0.5 21
16.6900386335328 931.519765683112 1 0.5 21
560.884413856547 440.636281673906 1 0.5 21
123.314145870972 813.957531232907 1 0.5 21
16.3457340444438 916.907250825441 1 0.5 21
877.890380716417 76.2120060222509 1 0.5 21
535.532942344435 430.159754662633 1 0.5 21
899.683790002018 -1.74626183733643 1 0.5 21
332.955725165084 599.877762161777 1 0.5 21
987.070370721631 -22.6158846904477 1 0.5 21
728.636771277525 275.530447747165 1 0.5 21
340.051382163074 646.045840343481 1 0.5 21
657.75861965958 275.785199598302 1 0.5 21
586.351963202469 406.019940348718 1 0.5 21
698.252625134774 192.205308197655 1 0.5 21
119.349693635013 851.767723553042 1 0.5 21
149.524145724718 801.567404842123 1 0.5 21
654.28322814405 314.775843358238 1 0.5 21
657.18636456877 299.267106143871 1 0.5 21
654.753623902798 250.760893950149 1 0.5 21
611.578639491927 360.937026911475 1 0.5 21
655.948232056107 299.582045913226 1 0.5 21
478.903658606578 501.973605715398 1 0.5 21
64.1956948442385 897.531592521131 1 0.5 21
62.5752247171476 893.071018013756 1 0.5 21
-31.4114945475012 944.20156005694 1 0.5 21
206.087330786977 718.25690621049 1 0.5 21
661.071661114693 319.213121928033 1 0.5 21
411.426960583776 553.141999702361 1 0.5 21
953.523152379785 -13.3008743815623 1 0.5 21
882.327191822696 30.1897412717754 1 0.5 21
899.636455054861 65.312626180529 1 0.5 21
147.763281094376 831.052537512694 1 0.5 21
-46.8688331311569 1029.71635807373 1 0.5 21
800.936905329581 196.774042748655 1 0.5 21
458.852448745165 433.087076552467 1 0.5 21
698.202158987988 190.116129934897 1 0.5 21
848.077065614052 97.9142546053873 1 0.5 21
936.106177885085 14.1853725229433 1 0.5 21
566.939076792914 401.384206179553 1 0.5 21
383.752374863252 585.507629853846 1 0.5 21
27.3634060868062 954.69895444564 1 0.5 21
107.535777182784 793.865882516692 1 0.5 21
985.138318117242 6.61777489563003 1 0.5 21
268.204161664471 648.400713393144 1 0.5 21
919.116494792979 14.6249347391304 1 0.5 21
8.58561145141721 942.1149108689 1 0.5 21
886.629940255079 48.3997967278619 1 0.5 21
769.316739402711 157.669706099479 1 0.5 21
441.648238385096 530.276079355038 1 0.5 21
482.712632406037 384.969130175056 1 0.5 21
32.2971264482476 879.652719634191 1 0.5 21
825.361065275501 124.781446743165 1 0.5 21
832.551988435443 181.4842538599 1 0.5 21
333.5863047163 599.959769170532 1 0.5 21
676.229381933808 268.99304412968 1 0.5 21
829.982044361532 176.05833402767 1 0.5 21
569.737981283106 393.950910610498 1 0.5 21
499.189495015889 481.019401176021 1 0.5 21
196.171578695066 737.490461979355 1 0.5 21
441.18521468481 567.711462424259 1 0.5 21
242.64016217785 687.620088058705 1 0.5 21
265.715345926583 642.022834381591 1 0.5 21
555.881386855617 355.095446366973 1 0.5 21
373.518855392467 560.001479076523 1 0.5 21
239.229834487196 699.519718323679 1 0.5 21
79.1551712201908 891.935313738763 1 0.5 21
964.730279846117 -44.8147967623005 1 0.5 21
987.312507454772 -70.1507836716995 1 0.5 21
692.335219879169 296.631450394481 1 0.5 21
990.046082867775 -58.6986965456709 1 0.5 21
74.6232440578751 910.45291572411 1 0.5 21
-8.38869116269052 965.840567729859 1 0.5 21
375.323913746979 538.334992430386 1 0.5 21
-4.63744262233377 931.809362284314 1 0.5 21
621.734930935781 345.262696426365 1 0.5 21
56.4454890205525 846.761368169958 1 0.5 21
671.154092869256 270.4498676285 1 0.5 21
780.009537260048 170.5069763532 1 0.5 21
114.401186618488 842.69835741771 1 0.5 21
832.613268319983 175.373406609381 1 0.5 21
579.207188810688 292.718092957532 1 0.5 21
371.159647312015 594.450212147287 1 0.5 21
173.545291577466 816.706291159762 1 0.5 21
20.1809903141111 935.135256443222 1 0.5 21
638.828566041775 279.281453400565 1 0.5 21
969.417573721148 -23.7415507580742 1 0.5 21
403.989538329188 594.115380265107 1 0.5 21
-3.94425496924669 966.19724529863 1 0.5 21
419.193724996876 503.823409571315 1 0.5 21
713.73358364217 168.07766485079 1 0.5 21
925.583573244512 -35.0853362511379 1 0.5 21
338.008283206727 585.901671268987 1 0.5 21
252.468502020929 680.235211203861 1 0.5 21
900.425883824937 44.1727398734387 1 0.5 21
616.998377628624 347.465030323317 1 0.5 21
323.633758339565 634.91183812918 1 0.5 21
533.234639861621 454.91406231027 1 0.5 21
898.337060504127 85.2521883174628 1 0.5 21
640.964039543178 272.661479974794 1 0.5 21
881.031031149905 54.2096360035247 1 0.5 21
179.877190606203 758.448716459423 1 0.5 21
962.383796053473 22.666970709912 1 0.5 21
590.506303822622 317.653463472206 1 0.5 21
274.082777742296 739.868718623196 1 0.5 21
523.751369072124 424.81545231282 1 0.5 21
116.954440088011 772.611312187174 1 0.5 21
-40.1433793711476 983.726412672764 1 0.5 21
878.270684322342 57.0241369729508 1 0.5 21
939.515465102158 95.8027256168772 1 0.5 21
467.912092525512 454.012079215244 1 0.5 21
294.650846277364 605.782584710678 1 0.5 21
139.66256279964 790.899243731819 1 0.5 21
399.441804818343 530.06689882142 1 0.5 21
527.132740011439 492.37403879488 1 0.5 21
592.256487708073 336.712890620316 1 0.5 21
409.008822240867 499.719304157289 1 0.5 21
295.030519389547 636.825645751657 1 0.5 21
3.84723487077281 898.83839646841 1 0.5 21
38.8968376559205 898.870150305438 1 0.5 21
102.387311728671 811.662210527872 1 0.5 21
456.199171685148 480.030670277439 1 0.5 21
575.894864636939 327.58923566861 1 0.5 21
373.302445199806 550.730589593652 1 0.5 21
617.215349373873 367.722590888191 1 0.5 21
490.163118764758 384.732202698196 1 0.5 21
763.483838888351 164.487882195476 1 0.5 21
479.726642160676 517.186432670665 1 0.5 21
9.181921381969 917.890239688085 1 0.5 21
807.162216445431 177.992519684174 1 0.5 21
557.578988443129 377.393041416343 1 0.5 21
632.678242365364 299.666439394818 1 0.5 21
262.960832449608 706.428315960516 1 0.5 21
663.469953939784 215.46344850032 1 0.5 21
804.342063167132 173.034465727483 1 0.5 21
815.394300641492 102.239044581467 1 0.5 21
784.834807564039 188.054233408572 1 0.5 21
6.21297818142921 914.705917888967 1 0.5 21
456.914912629873 620.48694904067 1 0.5 21
511.161015101243 380.516350280643 1 0.5 21
556.877702160273 370.684221658589 1 0.5 21
609.96461462928 245.102163886033 1 0.5 21
888.394047319889 52.7072462312292 1 0.5 21
193.095078493934 799.613936383163 1 0.5 21
-25.4492621403188 986.221442020533 1 0.5 21
270.470737526193 642.357498121577 1 0.5 21
-20.578253781423 967.770728425604 1 0.5 21
202.315361762885 681.594813932371 1 0.5 21
257.588409946766 670.536150962759 1 0.5 21
899.912066140678 20.5345069939552 1 0.5 21
831.416034779977 116.165222453988 1 0.5 21
569.453427894041 320.065151029583 1 0.5 21
354.901095910463 608.483938773153 1 0.5 21
357.037562213372 571.78889562817 1 0.5 21
88.4822575375438 828.989467735621 1 0.5 21
150.682653405238 831.868421011707 1 0.5 21
8.69936068775132 828.039269692349 1 0.5 21
953.49465010222 -14.9995535870339 1 0.5 21
617.952828051057 265.6232376789 1 0.5 21
201.441962178797 749.303237345761 1 0.5 21
325.898402382154 609.334816139023 1 0.5 21
83.9821366942488 887.075523220774 1 0.5 21
641.273044061381 314.706563683261 1 0.5 21
169.992981292307 800.97587083645 1 0.5 21
655.829988932237 176.837423441178 1 0.5 21
864.264113304671 77.2981430330592 1 0.5 21
715.99265714176 215.333887167578 1 0.5 21
-25.2359117614105 970.770729530582 1 0.5 21
76.6586225829087 912.398154535599 1 0.5 21
199.240373866633 754.569867663238 1 0.5 21
49.2682069190778 917.875748618284 1 0.5 21
-3.79266657400876 986.008129069851 1 0.5 21
756.556633731816 161.94618534063 1 0.5 21
-12.0560180279426 925.31620684844 1 0.5 21
200.638233253267 736.105515771964 1 0.5 21
79.3853632872924 872.223631833307 1 0.5 21
85.5389113072306 846.952845725196 1 0.5 21
508.673510712106 367.299397856483 1 0.5 21
975.032672996167 -74.3080616004369 1 0.5 21
534.030518785585 425.424896847103 1 0.5 21
340.963778726291 605.977640357395 1 0.5 21
89.3102671951056 856.258633172981 1 0.5 21
313.045224931557 580.357660800906 1 0.5 21
50.6463770056143 874.33445017577 1 0.5 21
438.74527431326 493.754458361394 1 0.5 21
551.427278365009 418.409475116439 1 0.5 21
188.567332050297 741.469197545796 1 0.5 21
866.606943216175 42.4839700668253 1 0.5 21
215.325662703253 734.975913757659 1 0.5 21
285.606798843946 645.15887519242 1 0.5 21
892.94207028579 81.9629840170573 1 0.5 21
29.1935793124139 900.649481813111 1 0.5 21
437.45039809728 545.828013817549 1 0.5 21
847.831668599974 100.26029989069 1 0.5 21
379.633306444157 606.366574990219 1 0.5 21
25.1510037924163 923.81111188869 1 0.5 21
51.0047949734144 896.913884349327 1 0.5 21
368.850040680263 542.705888938899 1 0.5 21
543.638656428084 384.185760220536 1 0.5 21
323.97756249411 595.432798915599 1 0.5 21
545.099691580981 418.370109595854 1 0.5 21
868.701449537184 119.432330301608 1 0.5 21
743.376986915246 261.079623848873 1 0.5 21
515.914715931285 445.246199786629 1 0.5 21
87.5456188688986 866.076622717857 1 0.5 21
138.965722243302 793.107668712907 1 0.5 21
675.153262109961 326.825785255264 1 0.5 21
325.489963940345 626.640393854153 1 0.5 21
-19.6130930329673 941.784967798067 1 0.5 21
609.534622787032 304.580530933683 1 0.5 21
191.530343377963 808.274786552022 1 0.5 21
930.786541081034 -8.85244360770587 1 0.5 21
141.556375555228 800.184771796458 1 0.5 21
344.986392848659 626.634600757444 1 0.5 21
206.461616710294 763.722762680234 1 0.5 21
846.462237660307 59.3869848927379 1 0.5 21
909.896757919341 18.9027962611597 1 0.5 21
703.206302004401 159.868170382911 1 0.5 21
917.893481173087 15.005935599187 1 0.5 21
641.408376034815 321.474193452548 1 0.5 21
526.994648191612 446.176215800708 1 0.5 21
91.0045659635216 890.960578540911 1 0.5 21
379.828030976932 599.031415485419 1 0.5 21
209.44451878313 694.273334200147 1 0.5 21
-26.1518370360136 901.801664341844 1 0.5 21
346.834051702172 641.320684224256 1 0.5 21
582.106940273661 358.360584745966 1 0.5 21
468.8566762954 473.674065207386 1 0.5 21
156.32405935321 786.346753233948 1 0.5 21
390.348837769125 529.20987982365 1 0.5 21
269.268126331735 633.382605705136 1 0.5 21
788.404566072859 150.975762782998 1 0.5 21
996.915508736856 -103.263865313486 1 0.5 21
446.404466568492 486.582001683299 1 0.5 21
512.790056422818 360.048775137531 1 0.5 21
472.540336102247 416.424997895191 1 0.5 21
574.438790313434 339.544318694578 1 0.5 21
902.216454758309 52.8549402530704 1 0.5 21
-29.6042867936194 977.473688248539 1 0.5 21
314.813088311348 629.92128065541 1 0.5 21
637.072569341399 297.37450600615 1 0.5 21
852.797270333394 121.495772017935 1 0.5 21
546.007911581546 395.101369985272 1 0.5 21
859.398554719519 101.459667825165 1 0.5 21
54.2499161907472 903.129278936979 1 0.5 21
672.562350635417 274.15650049102 1 0.5 21
489.998025482055 462.987680857454 1 0.5 21
511.952089658007 428.398453527507 1 0.5 21
67.0927605358884 844.997116675682 1 0.5 21
129.907028970774 808.232641849153 1 0.5 21
901.51701081777 -10.1754354282647 1 0.5 21
265.656945924275 719.411191294443 1 0.5 21
176.471518154722 800.22961678055 1 0.5 21
959.022837562952 35.5482800079463 1 0.5 21
828.844051074702 159.088620765228 1 0.5 21
570.815619768109 440.516089037538 1 0.5 21
523.117550997995 394.123122524988 1 0.5 21
879.333014693111 80.1598845602328 1 0.5 21
220.706067711581 711.229780848985 1 0.5 21
103.394818480592 856.293141257785 1 0.5 21
668.191654828843 313.009727142044 1 0.5 21
115.63193264883 831.280646928148 1 0.5 21
170.208469335921 707.518853267824 1 0.5 21
597.31386967469 311.507611782753 1 0.5 21
36.2453073495999 865.436697427905 1 0.5 21
516.196823376231 446.889771737614 1 0.5 21
605.749888159335 323.710459367365 1 0.5 21
958.480493642855 22.2710554419415 1 0.5 21
782.848885271233 132.532431287642 1 0.5 21
659.231062862091 308.179648536269 1 0.5 21
469.971878663637 484.72544522276 1 0.5 21
137.022618274204 853.928479435816 1 0.5 21
257.344813959207 699.349164502083 1 0.5 21
849.078883498441 56.4082563548797 1 0.5 21
210.205950844102 697.787836357912 1 0.5 21
920.072384423111 26.6858901808583 1 0.5 21
906.867538148072 18.3953672944935 1 0.5 21
280.264612170868 662.915775609855 1 0.5 21
86.0795434331521 848.073522569253 1 0.5 21
998.010661453009 -57.4625226464238 1 0.5 21
438.188481843099 428.625493780046 1 0.5 21
61.6552165127359 854.749678701277 1 0.5 21
374.919737677556 536.801205784704 1 0.5 21
354.528885555919 595.179603657691 1 0.5 21
74.1988506284542 837.681561845242 1 0.5 21
409.159435192123 541.979464344584 1 0.5 21
740.820853563491 164.91912245783 1 0.5 21
511.341063969303 480.225995097865 1 0.5 21
4.57845970522612 977.95282522698 1 0.5 21
261.435154697392 668.860563670405 1 0.5 21
595.307845168281 364.717647321607 1 0.5 21
571.746126341168 369.252219016941 1 0.5 21
649.52332432149 265.529102482822 1 0.5 21
-28.0434955027886 963.54366029837 1 0.5 21
881.657098478172 71.527085914432 1 0.5 21
994.949342973996 -5.52754983558181 1 0.5 21
743.370546051301 169.035698210095 1 0.5 21
168.443065101746 731.797731178932 1 0.5 21
194.143626012374 739.135082231552 1 0.5 21
150.770640163682 817.027174358727 1 0.5 21
469.562720495742 494.885016299667 1 0.5 21
82.6744728721678 856.176613498845 1 0.5 21
440.675273595843 473.411615451538 1 0.5 21
547.290731652174 303.822012894945 1 0.5 21
711.395201412961 284.779508357461 1 0.5 21
499.702403997071 459.625633672705 1 0.5 21
39.2833709018305 887.251911838059 1 0.5 21
189.894543134142 747.715794077144 1 0.5 21
43.7394574168138 900.725835699248 1 0.5 21
415.088158042636 532.431797391207 1 0.5 21
-8.26725963270292 919.616322453003 1 0.5 21
964.957502554171 -41.7030986045825 1 0.5 21
550.990568671841 415.71826320705 1 0.5 21
747.032878838945 180.536229529973 1 0.5 21
760.650878935121 208.622107652583 1 0.5 21
993.910642794799 -55.8017046091941 1 0.5 21
617.392758675851 339.65900992337 1 0.5 21
839.539791154675 115.099524834477 1 0.5 21
935.96885468578 20.3538103921375 1 0.5 21
-19.9009042582475 939.652531173693 1 0.5 21
189.028662047349 728.275114220001 1 0.5 21
107.308635639492 841.64507100833 1 0.5 21
498.503107111901 432.847453875892 1 0.5 21
709.088307688944 251.902965214012 1 0.5 21
811.443612922449 76.6180124792808 1 0.5 21
149.657933367416 819.996017055835 1 0.5 21
165.408157685306 750.776448227457 1 0.5 21
995.755639835261 -123.16471978424 1 0.5 21
818.708713829983 178.342945795163 1 0.5 21
984.093607589602 20.1339860698422 1 0.5 21
274.320676550269 619.065804838807 1 0.5 21
946.41332993051 0.364234583524579 1 0.5 21
856.310119631235 119.758180691953 1 0.5 21
816.685670393053 168.960944163157 1 0.5 21
376.862237311434 516.86185359058 1 0.5 21
683.220338099636 310.688825462537 1 0.5 21
559.408302837983 359.920312204266 1 0.5 21
847.506493714172 54.4657981079403 1 0.5 21
23.3672802802175 943.156090134891 1 0.5 21
865.837767987978 93.0256981461222 1 0.5 21
205.307558667846 778.414130582275 1 0.5 21
-26.5053056646138 965.060129941057 1 0.5 21
393.532043229789 554.456737516619 1 0.5 21
-3.2818011357449 934.289403685639 1 0.5 21
783.700642711483 191.093251172387 1 0.5 21
145.157567074057 809.726343987436 1 0.5 21
648.486184119247 262.567431803173 1 0.5 21
390.047217532992 509.690999450741 1 0.5 21
208.599840768147 645.406673229234 1 0.5 21
625.698335608467 353.750033783834 1 0.5 21
103.810058382805 828.482684838113 1 0.5 21
230.448494898155 701.291429330906 1 0.5 21
465.237135917414 436.057828010246 1 0.5 21
14.8538883076981 950.83454741296 1 0.5 21
890.01026583137 48.1123653192037 1 0.5 21
629.771521734074 360.931635121156 1 0.5 21
688.54352561757 292.242294732443 1 0.5 21
160.969998803921 833.545451217334 1 0.5 21
164.455937827006 776.061552805712 1 0.5 21
271.640960802324 648.41828536697 1 0.5 21
46.6793932602741 905.780800772979 1 0.5 21
297.074754897039 608.247523968395 1 0.5 21
459.016511333175 516.32804410088 1 0.5 21
270.948919234797 616.900674099864 1 0.5 21
77.1872337674722 871.786966606716 1 0.5 21
933.701975434087 -4.14654272324644 1 0.5 21
1.08779332367703 936.986830846254 1 0.5 21
736.535746732261 239.314320695235 1 0.5 21
907.16369736474 71.7883177160177 1 0.5 21
298.232019192073 662.069955526014 1 0.5 21
430.631413438823 583.183125991245 1 0.5 21
569.994506670628 355.329197037326 1 0.5 21
827.966753870714 81.5237642828897 1 0.5 21
188.318098289892 756.597004981736 1 0.5 21
303.129723423626 682.139104521532 1 0.5 21
408.792089100461 524.243044669626 1 0.5 21
681.657561694738 184.947228088828 1 0.5 21
62.0548923383467 843.705559152957 1 0.5 21
266.439278400503 615.543167505704 1 0.5 21
886.510498728603 34.1651065401779 1 0.5 21
380.784751323517 554.540116104585 1 0.5 21
950.748424965423 4.88739733574676 1 0.5 21
881.903411529493 65.693196600817 1 0.5 21
582.099938101601 399.603245048487 1 0.5 21
186.303680809215 704.251029490169 1 0.5 21
596.656366402749 382.360768027699 1 0.5 21
396.363983734045 497.671136536888 1 0.5 21
836.246306984685 159.671375847762 1 0.5 21
250.183057552204 712.542410780816 1 0.5 21
775.361944444012 178.897996769767 1 0.5 21
978.45471163746 -48.9858108824504 1 0.5 21
344.924519874621 564.673993759599 1 0.5 21
99.9779188889079 881.419253485534 1 0.5 21
61.382429569494 884.83090639928 1 0.5 21
862.972498103045 100.739189847724 1 0.5 21
710.589659970719 243.289456772364 1 0.5 21
14.6725102444179 975.387896197686 1 0.5 21
-11.8359436863102 939.999569211611 1 0.5 21
588.224349194206 364.918157483237 1 0.5 21
57.4914189754054 863.067776595724 1 0.5 21
629.787351307459 316.361079433819 1 0.5 21
344.389968505129 609.194893411964 1 0.5 21
427.997320843861 506.272530740024 1 0.5 21
602.42832978256 335.099398422014 1 0.5 21
40.455036808271 905.386971957291 1 0.5 21
298.288836725987 695.250777831609 1 0.5 21
934.336408600211 42.2590787410336 1 0.5 21
509.75703119766 368.54801197954 1 0.5 21
939.03895925032 -0.785270150685902 1 0.5 21
240.671890287194 665.741369456735 1 0.5 21
335.898616188206 640.988560350703 1 0.5 21
17.4299407633953 972.98674720461 1 0.5 21
751.70736432774 216.191122147275 1 0.5 21
379.611830296926 570.99186373471 1 0.5 21
367.498940508813 532.125521954283 1 0.5 21
207.063649245538 733.948105601428 1 0.5 21
747.206349449698 146.167919142377 1 0.5 21
413.980850903317 544.735769619475 1 0.5 21
790.37581392331 142.206662263231 1 0.5 21
357.260541128926 574.513637650881 1 0.5 21
914.920339162927 37.0465560350955 1 0.5 21
8.59760990133509 944.524462895622 1 0.5 21
397.080576908775 544.052237324457 1 0.5 21
760.535996814724 167.216550362172 1 0.5 21
998.00477065146 -0.416740323061049 1 0.5 21
199.387327313889 718.824592214166 1 0.5 21
859.56326124724 120.701895435709 1 0.5 21
33.6028684745543 933.127504164047 1 0.5 21
612.817360204645 279.328957048161 1 0.5 21
440.853462764062 472.347612990829 1 0.5 21
994.385874457657 -76.5118537169943 1 0.5 21
444.725042954087 531.016426568674 1 0.5 21
-12.6750061754137 951.792820295468 1 0.5 21
962.323486723471 -1.05848188877431 1 0.5 21
720.120288198814 250.959923729634 1 0.5 21
691.771960142069 277.269344582184 1 0.5 21
78.2816249527968 864.82841692084 1 0.5 21
404.348993836902 600.85809536315 1 0.5 21
710.714198986534 206.712340876784 1 0.5 21
285.826784931123 683.613248888046 1 0.5 21
187.578770669643 751.277575208172 1 0.5 21
275.861072994303 646.621298113329 1 0.5 21
57.8171886620112 950.508541905554 1 0.5 21
616.587969963439 350.131282828256 1 0.5 21
-3.0602594721131 956.531898787646 1 0.5 21
470.176993997302 477.553565287841 1 0.5 21
992.114259290975 -40.4982660746633 1 0.5 21
149.246876384132 785.191496307108 1 0.5 21
92.0359305106103 796.235773551873 1 0.5 21
518.551519478206 400.902327124956 1 0.5 21
542.904968780931 381.097201077424 1 0.5 21
826.832961838227 97.3137812828479 1 0.5 21
184.695491252933 708.300054619339 1 0.5 21
612.292242771946 302.314074485347 1 0.5 21
962.182531156577 13.2782107651742 1 0.5 21
16.3653534254991 844.21249041576 1 0.5 21
558.186715468764 380.275268901014 1 0.5 21
207.188669871539 688.839403835549 1 0.5 21
586.141724954359 409.623347173344 1 0.5 21
602.379541448317 342.564763532819 1 0.5 21
777.572461368982 139.372151567119 1 0.5 21
60.0431843427941 865.616342603162 1 0.5 21
521.680336969439 416.933506312838 1 0.5 21
445.962662075181 508.553963942498 1 0.5 21
178.885507071391 682.753769338037 1 0.5 21
816.668631415814 186.325297530643 1 0.5 21
346.291761077009 581.182393740343 1 0.5 21
193.499587289989 734.517786710995 1 0.5 21
626.182862592395 303.568337596105 1 0.5 21
575.135971663985 399.95270945082 1 0.5 21
409.764858311974 571.211934618953 1 0.5 21
952.304379618727 -51.9634321477248 1 0.5 21
204.600434633903 739.999120943185 1 0.5 21
590.335462021176 351.364954059039 1 0.5 21
751.772370457184 222.644280104302 1 0.5 21
920.470143586863 -2.20770561488627 1 0.5 21
438.413120724726 497.253480075036 1 0.5 21
997.387742926367 -88.7368787084316 1 0.5 21
171.578623179812 731.535715360922 1 0.5 21
345.526035595685 638.915657137135 1 0.5 21
495.468601118773 446.468035087794 1 0.5 21
673.661397304386 288.172622316646 1 0.5 21
192.347131273709 735.349122885356 1 0.5 21
